timestamp,t_in_measured_c,t_in_model_pred_c,mpc_command,mpc_command_kind,conditioning_power_kw,tou_rate,comfort_lower_c,comfort_upper_c,comfort_violation_c,energy_cost_step,solver_ok
2018-08-02 00:00:00,23.20791156718948,,23.75,setpoint_c,0.0,0.1,21.0,24.0,0.0,0.0,True
2018-08-02 00:05:00,23.495523472602844,23.405256657089783,23.75,setpoint_c,3.977104137534132,0.1,21.0,24.0,0.0,0.0331425344794511,True
2018-08-02 00:10:00,23.63475672291985,23.691208878627037,23.75,setpoint_c,0.0,0.1,21.0,24.0,0.0,0.0,True
2018-08-02 00:15:00,23.61793705797436,23.793955276037558,23.75,setpoint_c,0.0,0.1,21.0,24.0,0.0,0.0,True
2018-08-02 00:20:00,23.532013200065627,23.77975146544215,23.75,setpoint_c,0.0,0.1,21.0,24.0,0.0,0.0,True
2018-08-02 00:25:00,23.500101556612545,23.69600525847837,23.75,setpoint_c,0.8103786010079391,0.1,21.0,24.0,0.0,0.006753155008399493,True
2018-08-02 00:30:00,23.500000263243802,23.659113621794884,23.75,setpoint_c,0.6610927384985417,0.1,21.0,24.0,0.0,0.0055091061541545135,True
2018-08-02 00:35:00,23.500000000592,23.646296760968387,23.75,setpoint_c,0.5738228397967368,0.1,21.0,24.0,0.0,0.00478185699830614,True
2018-08-02 00:40:00,23.500000000001563,23.636747316735363,23.75,setpoint_c,0.6746031879045256,0.1,21.0,24.0,0.0,0.005621693232537713,True
2018-08-02 00:45:00,23.500000000000004,23.629470194638614,23.75,setpoint_c,0.709233557576775,0.1,21.0,24.0,0.0,0.005910279646473124,True
2018-08-02 00:50:00,23.5,23.62225168899505,23.75,setpoint_c,0.7443568537138635,0.1,21.0,24.0,0.0,0.0062029737809488625,True
2018-08-02 00:55:00,23.5,23.61541284241305,23.75,setpoint_c,0.7804134050589054,0.1,21.0,24.0,0.0,0.006503445042157546,True
2018-08-02 01:00:00,23.5,23.608963776233598,23.75,setpoint_c,0.8174518345500693,0.1,21.0,24.0,0.0,0.006812098621250578,True
2018-08-02 01:05:00,23.5,23.602884256507462,23.75,setpoint_c,0.8465030775870547,0.1,21.0,24.0,0.0,0.007054192313225455,True
2018-08-02 01:10:00,23.500000000000004,23.596689964185533,23.75,setpoint_c,0.8682957432431865,0.1,21.0,24.0,0.0,0.007235797860359887,True
2018-08-02 01:15:00,23.5,23.590762756973092,23.75,setpoint_c,0.8899168267215137,0.1,21.0,24.0,0.0,0.007415973556012615,True
2018-08-02 01:20:00,23.5,23.58512765195582,23.75,setpoint_c,0.9116772324015624,0.1,21.0,24.0,0.0,0.00759731027001302,True
2018-08-02 01:25:00,23.5,23.57977252730189,23.75,setpoint_c,0.9336712287017727,0.1,21.0,24.0,0.0,0.007780593572514772,True
2018-08-02 01:30:00,23.500000000000004,23.57468117189602,23.75,setpoint_c,0.955945104582235,0.1,21.0,24.0,0.0,0.007966209204851958,True
2018-08-02 01:35:00,23.500000000000004,23.569837647115666,23.75,setpoint_c,0.9784360824354807,0.1,21.0,24.0,0.0,0.008153634020295673,True
2018-08-02 01:40:00,23.500000000000004,23.565226117683906,23.725026936999445,setpoint_c,1.0013583846851255,0.1,21.0,24.0,0.0,0.008344653205709379,True
2018-08-02 01:45:00,23.47509629762175,23.560833950543635,23.677670798447792,setpoint_c,0.7140209924921418,0.1,21.0,24.0,0.0,0.005950174937434515,True
2018-08-02 01:50:00,23.42778548653321,23.532738265097095,23.619823755875636,setpoint_c,0.6221805168028047,0.1,21.0,24.0,0.0,0.005184837640023372,True
2018-08-02 01:55:00,23.36995636964877,23.48497106376308,23.55663167619665,setpoint_c,0.5888431101772924,0.1,21.0,24.0,0.0,0.004907025918144103,True
2018-08-02 02:00:00,23.306761979350362,23.42690452928228,23.490679655032515,setpoint_c,0.5295585628596139,0.1,21.0,24.0,0.0,0.0044129880238301155,True
2018-08-02 02:05:00,23.240802351267526,23.363095642284595,23.42327780819268,setpoint_c,0.4778000375662347,0.1,21.0,24.0,0.0,0.003981666979718622,True
2018-08-02 02:10:00,23.17339235022746,23.29714674772779,23.353492875371053,setpoint_c,0.43647620146692534,0.1,21.0,24.0,0.0,0.003637301678891045,True
2018-08-02 02:15:00,23.10359609687587,23.229823271618592,23.282932084517164,setpoint_c,0.37993601540359156,0.1,21.0,24.0,0.0,0.0031661334616965965,True
2018-08-02 02:20:00,23.033029034045743,23.160199379407313,23.21223578510916,setpoint_c,0.35296691366079286,0.1,21.0,24.0,0.0,0.002941390947173274,True
2018-08-02 02:25:00,22.962324045296516,23.089939629303576,23.141742201353086,setpoint_c,0.32071102706582644,0.1,21.0,24.0,0.0,0.0026725918922152203,True
2018-08-02 02:30:00,22.891822514365533,23.019452685550363,23.071615225340953,setpoint_c,0.29267985250823025,0.1,21.0,24.0,0.0,0.0024389987709019186,True
2018-08-02 02:35:00,22.821688060702925,22.949148881842987,23.001943612845423,setpoint_c,0.2668234786163453,0.1,21.0,24.0,0.0,0.0022235289884695443,True
2018-08-02 02:40:00,22.75200948882275,22.879191670800886,22.932774597352918,setpoint_c,0.24291318678014273,0.1,21.0,24.0,0.0,0.0020242765565011895,True
2018-08-02 02:45:00,22.68283395541446,22.80967286036375,22.86413535906473,setpoint_c,0.22047725802287552,0.1,21.0,24.0,0.0,0.0018373104835239626,True
2018-08-02 02:50:00,22.614188588681216,22.74063997547417,22.796043198253052,setpoint_c,0.1992480132000995,0.1,21.0,24.0,0.0,0.0016604001100008292,True
2018-08-02 02:55:00,22.546090765020548,22.672120895494984,22.72851080409417,setpoint_c,0.17949015634467352,0.1,21.0,24.0,0.0,0.0014957513028722794,True
2018-08-02 03:00:00,22.47855303079028,22.604137590827293,22.661548765800674,setpoint_c,0.1606688812666478,0.1,21.0,24.0,0.0,0.0013389073438887316,True
2018-08-02 03:05:00,22.411589607134612,22.536700622009423,22.595168235826478,setpoint_c,0.156744621033378,0.1,21.0,24.0,0.0,0.00130620517527815,True
2018-08-02 03:10:00,22.345206169917223,22.46921600009371,22.530840418652037,setpoint_c,0.14687669222957547,0.1,21.0,24.0,0.0,0.0012239724352464624,True
2018-08-02 03:15:00,22.280879422904075,22.402238815087276,22.467764585524126,setpoint_c,0.15585575200313448,0.1,21.0,24.0,0.0,0.001298797933359454,True
2018-08-02 03:20:00,22.217800291439918,22.33724072531999,22.405671459188188,setpoint_c,0.14551302525525128,0.1,21.0,24.0,0.0,0.0012126085437937607,True
2018-08-02 03:25:00,22.15570580159384,22.273353352857576,22.344491647148836,setpoint_c,0.14219338177113586,0.1,21.0,24.0,0.0,0.0011849448480927987,True
2018-08-02 03:30:00,22.094524729937834,22.210490346674057,22.284128022258592,setpoint_c,0.13904177683361038,0.1,21.0,24.0,0.0,0.0011586814736134197,True
2018-08-02 03:35:00,22.03415980012647,22.148527327419405,22.224544989064682,setpoint_c,0.13538273118231273,0.1,21.0,24.0,0.0,0.0011281894265192727,True
2018-08-02 03:40:00,21.97457568236846,22.087364804611177,22.165943118792363,setpoint_c,0.1324957178039753,0.1,21.0,24.0,0.0,0.001104130981699794,True
2018-08-02 03:45:00,21.915973361286362,22.02697449672359,22.10822458298612,setpoint_c,0.13275608389498753,0.1,21.0,24.0,0.0,0.0011063006991248962,True
2018-08-02 03:50:00,21.858253957952726,21.96754617028201,22.051369850723034,setpoint_c,0.13094078555068417,0.1,21.0,24.0,0.0,0.001091173212922368,True
2018-08-02 03:55:00,21.80139873072806,21.908970461100758,21.99712231089798,setpoint_c,0.13071232094053054,0.1,21.0,24.0,0.0,0.0010892693411710878,True
2018-08-02 04:00:00,21.747154505006417,21.851252075918143,21.944546603712045,setpoint_c,0.15273842179721306,0.1,21.0,24.0,0.0,0.001272820181643442,True
2018-08-02 04:05:00,21.69461876648913,21.79605984235078,21.89334834704225,setpoint_c,0.3531834232652764,0.1,21.0,24.0,0.0,0.002943195193877303,True
2018-08-02 04:10:00,21.643417776241044,21.74275460659233,21.84554744665913,setpoint_c,0.3487225585679777,0.1,21.0,24.0,0.0,0.002906021321399814,True
2018-08-02 04:15:00,21.595616451703858,21.69105178975465,21.80020630771926,setpoint_c,0.37126859092572734,0.1,21.0,24.0,0.0,0.003093904924381061,True
2018-08-02 04:20:00,21.550271203394807,21.642679899622678,21.756991596096444,setpoint_c,0.3681253935180349,0.1,21.0,24.0,0.0,0.003067711612650291,True
2018-08-02 04:25:00,21.50705441792329,21.59655915129318,21.71571127130279,setpoint_c,0.3739810685735278,0.1,21.0,24.0,0.0,0.003116508904779398,True
2018-08-02 04:30:00,21.465772091586636,21.55259793065563,21.676271387802384,setpoint_c,0.37911030643939136,0.1,21.0,24.0,0.0,0.0031592525536615944,True
2018-08-02 04:35:00,21.426330370694565,21.51054391835096,21.638615465344003,setpoint_c,0.384900237219719,0.1,21.0,24.0,0.0,0.0032075019768309917,True
2018-08-02 04:40:00,21.38867270641465,21.470307147224197,21.602372422847147,setpoint_c,0.3913221874068253,0.1,21.0,24.0,0.0,0.003261018228390211,True
2018-08-02 04:45:00,21.352427911975155,21.43183255791806,21.567703787745213,setpoint_c,0.3942367185355544,0.1,21.0,24.0,0.0,0.0032853059877962867,True
2018-08-02 04:50:00,21.317757949263093,21.394764381008486,21.534657614300496,setpoint_c,0.4023872570139437,0.1,21.0,24.0,0.0,0.003353227141782864,True
2018-08-02 04:55:00,21.284710177723152,21.359281298214526,21.50308872090076,setpoint_c,0.4097898772996057,0.1,21.0,24.0,0.0,0.0034149156441633808,True
2018-08-02 05:00:00,21.253139690772173,21.32539193162979,21.473097709997795,setpoint_c,0.4160734604192038,0.1,21.0,24.0,0.0,0.003467278836826698,True
2018-08-02 05:05:00,21.223127480514115,21.292970723803293,21.444710885475526,setpoint_c,0.2559685970816026,0.1,21.0,24.0,0.0,0.0021330716423466883,True
2018-08-02 05:10:00,21.194740743486225,21.26184364378664,21.414964242269754,setpoint_c,0.2714641491400011,0.1,21.0,24.0,0.0,0.0022622012428333426,True
2018-08-02 05:15:00,21.164993306135962,21.232319473031804,21.38532837832038,setpoint_c,0.2522601179650222,0.1,21.0,24.0,0.0,0.002102167649708518,True
2018-08-02 05:20:00,21.135358262826777,21.201541878282427,21.35631269683042,setpoint_c,0.26045003670687084,0.1,21.0,24.0,0.0,0.002170416972557257,True
2018-08-02 05:25:00,21.10634255236666,21.171087904553996,21.32785020963826,setpoint_c,0.26580899965408683,0.1,21.0,24.0,0.0,0.0022150749971173904,True
2018-08-02 05:30:00,21.077880191208795,21.14114704789504,21.300285814276073,setpoint_c,0.272194940445704,0.1,21.0,24.0,0.0,0.002268291170380867,True
2018-08-02 05:35:00,21.050312595358477,21.111783662727763,21.27377750042249,setpoint_c,0.2510955508980786,0.1,21.0,24.0,0.0,0.002092462924150655,True
2018-08-02 05:40:00,21.023803606010237,21.083269927538787,21.25,setpoint_c,0.2545403795943488,0.1,21.0,24.0,0.0,0.0021211698299529063,True
2018-08-02 05:45:00,21.0000257555031,21.055801845780007,21.25,setpoint_c,0.2799818777693378,0.1,21.0,24.0,0.0,0.002333182314744482,True
2018-08-02 05:50:00,21.000000032115366,21.031002552547662,21.25,setpoint_c,0.32240492681240157,0.1,21.0,24.0,0.0,0.0026867077234366795,True
2018-08-02 05:55:00,21.000000000018186,21.02875018150778,21.25,setpoint_c,0.14625867228442319,0.1,21.0,24.0,0.0,0.00121882226903686,True
2018-08-02 06:00:00,21.000000000000014,21.02524461852173,21.25,setpoint_c,0.1987259163218256,0.1,21.0,24.0,0.0,0.0016560493026818801,True
2018-08-02 06:05:00,21.0,21.023605414175886,21.25,setpoint_c,0.07150326247181515,0.1,21.0,24.0,0.0,0.0005958605205984597,True
2018-08-02 06:10:00,21.0,21.022310757099625,21.25,setpoint_c,0.05156474347130279,0.1,21.0,24.0,0.0,0.00042970619559418996,True
2018-08-02 06:15:00,20.999999999999996,21.021170045349784,21.25,setpoint_c,0.03633942101837601,0.1,21.0,24.0,3.552713678800501e-15,0.0003028285084864668,True
2018-08-02 06:20:00,21.000000000000004,21.020161558811573,21.25,setpoint_c,0.02251095544721465,0.1,21.0,24.0,0.0,0.00018759129539345544,True
2018-08-02 06:25:00,20.99950204649978,21.01925237770424,21.25,setpoint_c,0.0,0.1,21.0,24.0,0.0004979535002185287,0.0,True
2018-08-02 06:30:00,21.000242312751123,21.01792620216771,21.25,setpoint_c,0.0,0.1,21.0,24.0,0.0,0.0,True
2018-08-02 06:35:00,20.999529139836397,21.017876532572437,21.25,setpoint_c,0.0,0.1,21.0,24.0,0.0004708601636025378,0.0,True
2018-08-02 06:40:00,20.99882059664575,21.01642743329232,21.25,setpoint_c,0.0,0.1,21.0,24.0,0.0011794033542500415,0.0,True
2018-08-02 06:45:00,20.999749271331275,21.01523434750454,21.25,setpoint_c,0.0,0.1,21.0,24.0,0.0002507286687247756,0.0,True
2018-08-02 06:50:00,21.00133533338503,21.015526388408496,21.25,setpoint_c,0.0,0.1,21.0,24.0,0.0,0.0,True
2018-08-02 06:55:00,21.004324824073887,21.016409172843474,21.25,setpoint_c,0.0,0.1,21.0,24.0,0.0,0.0,True
2018-08-02 07:00:00,21.009424304638298,21.018769705607173,21.25,setpoint_c,0.0,0.1,21.0,24.0,0.0,0.0,True
2018-08-02 07:05:00,21.000002559541922,21.023135679254114,21.25,setpoint_c,0.07004913458989835,0.1,21.0,24.0,0.0,0.000583742788249153,True
2018-08-02 07:10:00,21.000000002955133,21.013437640429245,21.25,setpoint_c,0.2980845449268896,0.1,21.0,24.0,0.0,0.002484037874390747,True
2018-08-02 07:15:00,21.000000000002178,21.01384730007533,21.25,setpoint_c,0.19024593369323672,0.1,21.0,24.0,0.0,0.0015853827807769728,True
2018-08-02 07:20:00,21.000000000000004,21.012475081347837,21.25,setpoint_c,0.24535178932724772,0.1,21.0,24.0,0.0,0.002044598244393731,True
2018-08-02 07:25:00,21.0,21.01200525674009,21.25,setpoint_c,0.23821229184110426,0.1,21.0,24.0,0.0,0.001985102432009202,True
2018-08-02 07:30:00,21.0,21.011465120064425,21.25,setpoint_c,0.22814905415300746,0.1,21.0,24.0,0.0,0.001901242117941729,True
2018-08-02 07:35:00,21.0,21.010940979342944,21.25,setpoint_c,0.21285457586238046,0.1,21.0,24.0,0.0,0.001773788132186504,True
2018-08-02 07:40:00,21.0,21.010436154727046,21.25,setpoint_c,0.19751522221491902,0.1,21.0,24.0,0.0,0.001645960185124325,True
2018-08-02 07:45:00,21.0,21.00996238566588,21.25,setpoint_c,0.18084101465469576,0.1,21.0,24.0,0.0,0.001507008455455798,True
2018-08-02 07:50:00,21.000000000000004,21.009522583714574,21.25,setpoint_c,0.16067335000482855,0.1,21.0,24.0,0.0,0.0013389445833735711,True
2018-08-02 07:55:00,21.0,21.009104160942957,21.25,setpoint_c,0.13670830229111017,0.1,21.0,24.0,0.0,0.001139235852425918,True
2018-08-02 08:00:00,21.0,21.008687858840094,21.25,setpoint_c,0.11622428698843576,0.1,21.0,24.0,0.0,0.0009685357249036314,True
2018-08-02 08:05:00,21.0,21.00833665119281,21.25,setpoint_c,0.08992170080496,0.1,21.0,24.0,0.0,0.0007493475067079999,True
2018-08-02 08:10:00,21.0,21.007704008337654,21.25,setpoint_c,0.07074081258781369,0.1,21.0,24.0,0.0,0.000589506771565114,True
2018-08-02 08:15:00,21.0,21.007078298852104,21.25,setpoint_c,0.05139743633501348,0.1,21.0,24.0,0.0,0.00042831196945844566,True
2018-08-02 08:20:00,21.0,21.006482454826198,21.25,setpoint_c,0.031921877991815555,0.1,21.0,24.0,0.0,0.0002660156499317963,True
2018-08-02 08:25:00,20.99899011282975,21.005916857429725,21.25,setpoint_c,0.0,0.1,21.0,24.0,0.0010098871702517442,0.0,True
2018-08-02 08:30:00,20.998947626808114,21.004412454556668,21.25,setpoint_c,0.0,0.1,21.0,24.0,0.0010523731918858914,0.0,True
2018-08-02 08:35:00,21.001622280193292,21.00393646543013,21.25,setpoint_c,0.0,0.1,21.0,24.0,0.0,0.0,True
2018-08-02 08:40:00,21.00728452945277,21.005920440797023,21.267493637952853,setpoint_c,0.0,0.1,21.0,24.0,0.0,0.0,True
2018-08-02 08:45:00,21.017492791010405,21.010708453292427,21.29145370602812,setpoint_c,0.02121129912017085,0.1,21.0,24.0,0.0,0.00017676082600142373,True
2018-08-02 08:50:00,21.04144003886471,21.01986053293905,21.322872212394103,setpoint_c,0.1458007006411717,0.1,21.0,24.0,0.0,0.0012150058386764307,True
2018-08-02 08:55:00,21.07285555935089,21.04209433661458,21.357379295876637,setpoint_c,0.13537990999446828,0.1,21.0,24.0,0.0,0.001128165916620569,True
2018-08-02 09:00:00,21.10736021022663,21.070890221221017,21.39493022296652,setpoint_c,0.14125389685444592,0.1,21.0,24.0,0.0,0.0011771158071203825,True
2018-08-02 09:05:00,21.144905889698233,21.103160776224865,21.43537500527467,setpoint_c,0.16551609863651898,0.1,21.0,24.0,0.0,0.0013793008219709915,True
2018-08-02 09:10:00,21.185347232979197,21.139905895191312,21.477405369269196,setpoint_c,0.17538900249945333,0.1,21.0,24.0,0.0,0.0014615750208287778,True
2018-08-02 09:15:00,21.22737766893672,21.179552019787582,21.52068207067867,setpoint_c,0.16833134244200143,0.1,21.0,24.0,0.0,0.0014027611870166784,True
2018-08-02 09:20:00,21.27065367665757,21.22078287902679,21.564999185727032,setpoint_c,0.16758474910759785,0.1,21.0,24.0,0.0,0.0013965395758966488,True
2018-08-02 09:25:00,21.31497079494469,21.263374419769153,21.610253535841455,setpoint_c,0.16364079761871617,0.1,21.0,24.0,0.0,0.0013636733134893015,True
2018-08-02 09:30:00,21.360225503790993,21.307051577854637,21.656381529240097,setpoint_c,0.15823302219017876,0.1,21.0,24.0,0.0,0.0013186085182514897,True
2018-08-02 09:35:00,21.411602191482153,21.351713325600347,21.705751516640216,setpoint_c,0.0,0.1,21.0,24.0,0.0,0.0,True
2018-08-02 09:40:00,21.468531865124305,21.402195971583232,21.757637953687897,setpoint_c,0.0,0.1,21.0,24.0,0.0,0.0,True
2018-08-02 09:45:00,21.529061464794715,21.457806363227313,21.811953120286258,setpoint_c,0.0,0.1,21.0,24.0,0.0,0.0,True
2018-08-02 09:50:00,21.60071069149579,21.517078486905564,21.872120362948916,setpoint_c,0.0,0.1,21.0,24.0,0.0,0.0,True
2018-08-02 09:55:00,21.67972641367104,21.587154207625925,21.93653018936798,setpoint_c,0.0,0.1,21.0,24.0,0.0,0.0,True
2018-08-02 10:00:00,21.76196781938414,21.663883806548576,22.003573130029956,setpoint_c,0.0,0.1,21.0,24.0,0.0,0.0,True
2018-08-02 10:05:00,21.8446766053937,21.74413080314485,22.071845536315696,setpoint_c,0.0,0.1,21.0,24.0,0.0,0.0,True
2018-08-02 10:10:00,21.92745400995511,21.824853339128925,22.14133850026151,setpoint_c,0.0,0.1,21.0,24.0,0.0,0.0,True
2018-08-02 10:15:00,22.01065261605633,21.905862894552076,22.21228082707923,setpoint_c,0.0,0.1,21.0,24.0,0.0,0.0,True
2018-08-02 10:20:00,22.094639198345664,21.98738679788386,22.284794054390566,setpoint_c,0.0,0.1,21.0,24.0,0.0,0.0,True
2018-08-02 10:25:00,22.179609713801856,22.06975465630006,22.358854324322397,setpoint_c,0.0,0.1,21.0,24.0,0.0,0.0,True
2018-08-02 10:30:00,22.265632868650275,22.15316030037415,22.434545240545983,setpoint_c,0.0,0.1,21.0,24.0,0.0,0.0,True
2018-08-02 10:35:00,22.352657176708107,22.23767670387217,22.51181052901518,setpoint_c,0.0,0.1,21.0,24.0,0.0,0.0,True
2018-08-02 10:40:00,22.440566791065255,22.32326614061896,22.590564593768043,setpoint_c,0.0,0.1,21.0,24.0,0.0,0.0,True
2018-08-02 10:45:00,22.529287006036853,22.40981104584129,22.67072823935251,setpoint_c,0.0,0.1,21.0,24.0,0.0,0.0,True
2018-08-02 10:50:00,22.595913313107854,22.497238086843623,22.741749784480316,setpoint_c,0.0,0.1,21.0,24.0,0.0,0.0,True
2018-08-02 10:55:00,22.648928980740468,22.563767982398762,22.80710466943539,setpoint_c,0.0,0.1,21.0,24.0,0.0,0.0,True
2018-08-02 11:00:00,22.69895611452487,22.618770833350766,22.870787544703266,setpoint_c,0.0,0.1,21.0,24.0,0.0,0.0,True
2018-08-02 11:05:00,22.747724213681586,22.670157478316455,22.933905818667604,setpoint_c,0.0,0.1,21.0,24.0,0.0,0.0,True
2018-08-02 11:10:00,22.797539808657078,22.719489533333334,22.99620602445217,setpoint_c,0.0,0.1,21.0,24.0,0.0,0.0,True
2018-08-02 11:15:00,22.84960869723272,22.769823605770767,23.05835119902024,setpoint_c,0.0,0.1,21.0,24.0,0.0,0.0,True
2018-08-02 11:20:00,22.903968341987518,22.82218562138782,23.120522448873697,setpoint_c,0.0,0.1,21.0,24.0,0.0,0.0,True
2018-08-02 11:25:00,22.960257306340594,22.87670803238323,23.182663787615436,setpoint_c,0.0,0.1,21.0,24.0,0.0,0.0,True
2018-08-02 11:30:00,23.018207294136594,22.933098652861833,23.24472376297114,setpoint_c,0.0,0.1,21.0,24.0,0.0,0.0,True
2018-08-02 11:35:00,23.077870935952404,22.991104775359478,23.30678534762728,setpoint_c,0.0,0.1,21.0,24.0,0.0,0.0,True
2018-08-02 11:40:00,23.13896853935451,23.050778797824567,23.368999213781315,setpoint_c,0.0,0.1,21.0,24.0,0.0,0.0,True
2018-08-02 11:45:00,23.201200827440307,23.11184659467798,23.431046210397533,setpoint_c,0.0,0.1,21.0,24.0,0.0,0.0,True
2018-08-02 11:50:00,23.26447038167679,23.174050444511362,23.492904912108337,setpoint_c,0.0,0.1,21.0,24.0,0.0,0.0,True
2018-08-02 11:55:00,23.328566707844182,23.237296568640296,23.555063600972385,setpoint_c,0.0,0.1,21.0,24.0,0.0,0.0,True
2018-08-02 12:00:00,23.39308976817452,23.30137214369921,23.61678557107456,setpoint_c,0.0,0.1,21.0,24.0,0.0,0.0,True
2018-08-02 12:05:00,23.456394517332537,23.36592655998792,23.677307875987644,setpoint_c,0.0,0.1,21.0,24.0,0.0,0.0,True
2018-08-02 12:10:00,23.519401705366594,23.429681202812073,23.73810904695521,setpoint_c,0.0,0.1,21.0,24.0,0.0,0.0,True
2018-08-02 12:15:00,23.58310132448253,23.493300127789666,23.75,setpoint_c,0.0,0.1,21.0,24.0,0.0,0.0,True
2018-08-02 12:20:00,23.646973314441173,23.5575297426919,23.75,setpoint_c,0.0,0.1,21.0,24.0,0.0,0.0,True
2018-08-02 12:25:00,23.711438571923704,23.62191081570409,23.75,setpoint_c,0.0,0.1,21.0,24.0,0.0,0.0,True
2018-08-02 12:30:00,23.776990246215583,23.68692245103744,23.75,setpoint_c,0.0,0.1,21.0,24.0,0.0,0.0,True
2018-08-02 12:35:00,23.843746364054308,23.75295339216393,23.75,setpoint_c,0.0,0.1,21.0,24.0,0.0,0.0,True
2018-08-02 12:40:00,23.911595322617476,23.820147804299417,23.75,setpoint_c,0.0,0.1,21.0,24.0,0.0,0.0,True
2018-08-02 12:45:00,23.98043584794828,23.88841071301295,23.75,setpoint_c,0.0,0.1,21.0,24.0,0.0,0.0,True
2018-08-02 12:50:00,23.99993958728824,23.957654375311403,23.75,setpoint_c,-0.6244001381351768,0.1,21.0,24.0,0.0,0.005203334484459807,True
2018-08-02 12:55:00,23.99999983825652,23.979584464180128,23.75,setpoint_c,-0.540023525183045,0.1,21.0,24.0,0.0,0.004500196043192042,True
2018-08-02 13:00:00,23.99999999955001,23.986236595691217,23.75,setpoint_c,-0.5602873114176664,0.1,21.0,24.0,0.0,0.004669060928480554,True
2018-08-02 13:05:00,23.999999999998575,23.990436097738005,23.75,setpoint_c,-0.6376589425276565,0.1,21.0,24.0,0.0,0.005313824521063805,True
2018-08-02 13:10:00,23.999999999999996,23.9921295605801,23.75,setpoint_c,-0.6729874702626846,0.1,21.0,24.0,0.0,0.005608228918855705,True
2018-08-02 13:15:00,24.000000000000004,23.993836561385766,23.75,setpoint_c,-0.7070281291172724,0.1,21.0,24.0,3.552713678800501e-15,0.005891901075977269,True
2018-08-02 13:20:00,24.0,23.995448110067244,23.75,setpoint_c,-0.7401032794630155,0.1,21.0,24.0,0.0,0.006167527328858462,True
2018-08-02 13:25:00,24.0,23.996956260589876,23.75,setpoint_c,-0.7696135711494134,0.1,21.0,24.0,0.0,0.006413446426245112,True
2018-08-02 13:30:00,24.0,23.99838615872732,23.75,setpoint_c,-0.7973420871139387,0.1,21.0,24.0,0.0,0.006644517392616156,True
2018-08-02 13:35:00,24.0,23.999729635761103,23.75,setpoint_c,-0.8543966432194575,0.1,21.0,24.0,0.0,0.007119972026828813,True
2018-08-02 13:40:00,24.0,24.000960786896684,23.75,setpoint_c,-0.8810450308684958,0.1,21.0,24.0,0.0,0.007342041923904132,True
2018-08-02 13:45:00,23.999999999999996,24.00213037041697,23.75,setpoint_c,-0.9033277958990653,0.1,21.0,24.0,0.0,0.0075277316324922116,True
2018-08-02 13:50:00,23.999999999999996,24.003247264201143,23.75,setpoint_c,-0.9966030854074053,0.1,21.0,24.0,0.0,0.008305025711728378,True
2018-08-02 13:55:00,24.000000000000007,24.004262511179185,23.75,setpoint_c,-1.0146306622168633,0.1,21.0,24.0,7.105427357601002e-15,0.00845525551847386,True
2018-08-02 14:00:00,24.0,24.00527182975069,23.75,setpoint_c,-1.0358512095713517,0.1,21.0,24.0,0.0,0.008632093413094597,True
2018-08-02 14:05:00,23.999999999999996,24.006179185217388,23.75,setpoint_c,-1.095697940819431,0.1,21.0,24.0,0.0,0.009130816173495258,True
2018-08-02 14:10:00,24.000000000000004,24.00791248998813,23.75,setpoint_c,-1.128978712714278,0.1,21.0,24.0,3.552713678800501e-15,0.00940815593928565,True
2018-08-02 14:15:00,24.0,24.009663333906307,23.75,setpoint_c,-1.1612883490137174,0.1,21.0,24.0,0.0,0.009677402908447645,True
2018-08-02 14:20:00,24.0,24.01135834546669,23.75,setpoint_c,-1.193099670697353,0.1,21.0,24.0,0.0,0.009942497255811273,True
2018-08-02 14:25:00,24.0,24.012991078160425,23.75,setpoint_c,-1.224855994748592,0.1,21.0,24.0,0.0,0.0102071332895716,True
2018-08-02 14:30:00,24.0,24.014561221337935,23.75,setpoint_c,-1.2571943351731751,0.1,21.0,24.0,0.0,0.01047661945977646,True
2018-08-02 14:35:00,24.000000000000004,24.01606718137415,23.75,setpoint_c,-1.5220238048522146,0.1,21.0,24.0,3.552713678800501e-15,0.012683531707101788,True
2018-08-02 14:40:00,24.000000000000007,24.01739724706343,23.75,setpoint_c,-1.5676884541635525,0.1,21.0,24.0,7.105427357601002e-15,0.013064070451362939,True
2018-08-02 14:45:00,24.0,24.018756387207635,23.75,setpoint_c,-1.6068355249144948,0.1,21.0,24.0,0.0,0.013390296040954125,True
2018-08-02 14:50:00,23.99999999973408,24.020119176923842,23.75,setpoint_c,-1.7610619171419795,0.1,21.0,24.0,0.0,0.014675515976183162,True
2018-08-02 14:55:00,23.999874893552484,24.021382860974175,23.75,setpoint_c,-1.8067620180257804,0.1,21.0,24.0,0.0,0.015056350150214837,True
2018-08-02 15:00:00,23.99995444049991,24.022523625143414,23.75,setpoint_c,-1.845238901221846,0.1,21.0,24.0,0.0,0.015376990843515384,True
2018-08-02 15:05:00,23.999999640058938,24.023841620838805,23.75,setpoint_c,-1.6217953548912947,0.1,21.0,24.0,0.0,0.01351496129076079,True
2018-08-02 15:10:00,23.999999997138357,24.024962768035245,23.75,setpoint_c,-1.6333484712198245,0.1,21.0,24.0,0.0,0.013611237260165204,True
2018-08-02 15:15:00,23.999999999977014,24.0259181254901,23.75,setpoint_c,-1.6520450302707856,0.1,21.0,24.0,0.0,0.013767041918923213,True
2018-08-02 15:20:00,23.999999999999822,24.026766391591618,23.75,setpoint_c,-1.6097887797165344,0.1,21.0,24.0,0.0,0.013414906497637786,True
2018-08-02 15:25:00,24.0,24.027583312917013,23.75,setpoint_c,-1.6262944332785145,0.1,21.0,24.0,0.0,0.013552453610654287,True
2018-08-02 15:30:00,24.000000000000007,24.02835204495532,23.75,setpoint_c,-1.6448877426708357,0.1,21.0,24.0,7.105427357601002e-15,0.013707397855590298,True
2018-08-02 15:35:00,23.999999999999996,24.029072201926954,23.75,setpoint_c,-1.6157920709018936,0.1,21.0,24.0,0.0,0.013464933924182446,True
2018-08-02 15:40:00,24.0,24.029772927688434,23.75,setpoint_c,-1.63379611072602,0.1,21.0,24.0,0.0,0.0136149675893835,True
2018-08-02 15:45:00,24.0,24.030427575028984,23.75,setpoint_c,-1.6534854804222705,0.1,21.0,24.0,0.0,0.013779045670185588,True
2018-08-02 15:50:00,24.0,24.031044687510345,23.75,setpoint_c,-1.6490057275379657,0.1,21.0,24.0,0.0,0.013741714396149714,True
2018-08-02 15:55:00,24.0,24.03164607277873,23.75,setpoint_c,-1.6682502133363155,0.1,21.0,24.0,0.0,0.013902085111135963,True
2018-08-02 16:00:00,24.0,24.03221579699987,23.75,setpoint_c,-1.6884414914965165,0.4,21.0,24.0,0.0,0.05628138304988388,True
2018-08-02 16:05:00,24.000000000000007,24.032757953807355,23.75,setpoint_c,-1.6991090870023482,0.4,21.0,24.0,7.105427357601002e-15,0.056636969566744945,True
2018-08-02 16:10:00,24.0,24.033008531607443,23.75,setpoint_c,-1.712125794074206,0.4,21.0,24.0,0.0,0.05707085980247354,True
2018-08-02 16:15:00,24.000000000000004,24.03321188577566,23.75,setpoint_c,-1.7253852507540142,0.4,21.0,24.0,3.552713678800501e-15,0.05751284169180047,True
2018-08-02 16:20:00,23.999999999999996,24.033393038650686,23.75,setpoint_c,-1.7389733829718308,0.4,21.0,24.0,0.0,0.057965779432394365,True
2018-08-02 16:25:00,23.999999999105007,24.033553534534455,23.75,setpoint_c,-1.752555023825318,0.4,21.0,24.0,0.0,0.05841850079417727,True
2018-08-02 16:30:00,24.000000001701462,24.033696249211847,23.75,setpoint_c,-1.7662450923325874,0.4,21.0,24.0,1.7014620823374571e-09,0.05887483641108625,True
2018-08-02 16:35:00,23.99999999918886,24.033820501132606,23.75,setpoint_c,-1.8000243587560951,0.4,21.0,24.0,0.0,0.0600008119585365,True
2018-08-02 16:40:00,24.0000000003579,24.033955466128365,23.75,setpoint_c,-1.8066171000227569,0.4,21.0,24.0,3.5790037600236246e-10,0.06022057000075857,True
2018-08-02 16:45:00,24.00000000173349,24.034101964214234,23.75,setpoint_c,-1.8103831180938832,0.4,21.0,24.0,1.7334897961518436e-09,0.06034610393646278,True
2018-08-02 16:50:00,23.999999999160128,24.03424811618139,23.75,setpoint_c,-1.8272808104435663,0.4,21.0,24.0,0.0,0.06090936034811888,True
2018-08-02 16:55:00,24.000000000274433,24.03436244344893,23.75,setpoint_c,-1.8303920333095902,0.4,21.0,24.0,2.744329208326235e-10,0.06101306777698634,True
2018-08-02 17:00:00,24.000000001297302,24.03446834005252,23.75,setpoint_c,-1.8238645361692916,0.4,21.0,24.0,1.2973018215234333e-09,0.06079548453897639,True
2018-08-02 17:05:00,23.99999999989198,24.034629573924303,23.75,setpoint_c,-1.8220718872460029,0.4,21.0,24.0,0.0,0.06073572957486676,True
2018-08-02 17:10:00,23.999999999986958,24.034104053926914,23.75,setpoint_c,-1.813899958480263,0.4,21.0,24.0,0.0,0.0604633319493421,True
2018-08-02 17:15:00,24.000000000915815,24.03350668378768,23.75,setpoint_c,-1.8036278951376234,0.4,21.0,24.0,9.158149794075143e-10,0.060120929837920785,True
2018-08-02 17:20:00,24.000000000731056,24.032897177814093,23.75,setpoint_c,-1.787524437081086,0.4,21.0,24.0,7.310561045414943e-10,0.05958414790270287,True
2018-08-02 17:25:00,24.000000000006107,24.032311194071717,23.75,setpoint_c,-1.770540000699501,0.4,21.0,24.0,6.107114813858061e-12,0.0590180000233167,True
2018-08-02 17:30:00,24.00000000000005,24.03171074331734,23.75,setpoint_c,-1.7517391494582006,0.4,21.0,24.0,4.973799150320701e-14,0.05839130498194002,True
2018-08-02 17:35:00,24.0,24.031099655169264,23.75,setpoint_c,-1.776037394378504,0.4,21.0,24.0,0.0,0.059201246479283466,True
2018-08-02 17:40:00,24.0,24.03038290731553,23.75,setpoint_c,-1.767590019800409,0.4,21.0,24.0,0.0,0.0589196673266803,True
2018-08-02 17:45:00,24.000000000000004,24.029654643499185,23.75,setpoint_c,-1.756478109277145,0.4,21.0,24.0,3.552713678800501e-15,0.05854927030923818,True
2018-08-02 17:50:00,24.000000000000004,24.028930723261052,23.75,setpoint_c,-1.76205140448868,0.4,21.0,24.0,3.552713678800501e-15,0.058735046816289334,True
2018-08-02 17:55:00,23.999999999999996,24.02818993763219,23.75,setpoint_c,-1.7533932300318842,0.4,21.0,24.0,0.0,0.05844644100106281,True
2018-08-02 18:00:00,23.999999999999996,24.027416361044228,23.75,setpoint_c,-1.7398566326112481,0.4,21.0,24.0,0.0,0.05799522108704161,True
2018-08-02 18:05:00,24.000000000631417,24.026661277859063,23.75,setpoint_c,-1.7936360913237928,0.4,21.0,24.0,6.314166967058554e-10,0.05978786971079309,True
2018-08-02 18:10:00,24.00000000000523,24.026820019203125,23.75,setpoint_c,-1.7752366959842347,0.4,21.0,24.0,5.229594535194337e-12,0.05917455653280782,True
2018-08-02 18:15:00,24.000000000000046,24.026478302868725,23.75,setpoint_c,-1.755796965289684,0.4,21.0,24.0,4.618527782440651e-14,0.05852656550965614,True
2018-08-02 18:20:00,24.0,24.026073211445652,23.75,setpoint_c,-1.741323984868354,0.4,21.0,24.0,0.0,0.05804413282894513,True
2018-08-02 18:25:00,24.0,24.025596306351375,23.75,setpoint_c,-1.7240477307548863,0.4,21.0,24.0,0.0,0.05746825769182954,True
2018-08-02 18:30:00,24.0,24.025111569680206,23.75,setpoint_c,-1.704747286451922,0.4,21.0,24.0,0.0,0.0568249095483974,True
2018-08-02 18:35:00,23.999999999999996,24.024619131065226,23.75,setpoint_c,-1.7117877240592494,0.4,21.0,24.0,0.0,0.05705959080197498,True
2018-08-02 18:40:00,24.0,24.024122520602695,23.75,setpoint_c,-1.6864612014637685,0.4,21.0,24.0,0.0,0.05621537338212562,True
2018-08-02 18:45:00,24.000000000000004,24.0236347613674,23.75,setpoint_c,-1.6568344782306816,0.4,21.0,24.0,3.552713678800501e-15,0.055227815941022725,True
2018-08-02 18:50:00,24.0,24.023154443495816,23.75,setpoint_c,-1.6392481316219196,0.4,21.0,24.0,0.0,0.054641604387397326,True
2018-08-02 18:55:00,23.999999999999993,24.02266663112875,23.75,setpoint_c,-1.6051578143137735,0.4,21.0,24.0,0.0,0.05350526047712578,True
2018-08-02 19:00:00,23.999999999999993,24.022174161888476,23.75,setpoint_c,-1.5692889905700573,0.4,21.0,24.0,0.0,0.05230963301900191,True
2018-08-02 19:05:00,24.000000000000004,24.021669590651793,23.75,setpoint_c,-1.5091095299766175,0.4,21.0,24.0,3.552713678800501e-15,0.05030365099922059,True
2018-08-02 19:10:00,23.999999999999996,24.021591017253396,23.75,setpoint_c,-1.4615995005517612,0.4,21.0,24.0,0.0,0.04871998335172537,True
2018-08-02 19:15:00,24.0,24.02187525763299,23.75,setpoint_c,-1.4314819090622477,0.4,21.0,24.0,0.0,0.04771606363540826,True
2018-08-02 19:20:00,23.999999999999996,24.022024156487866,23.75,setpoint_c,-1.4071913608832396,0.4,21.0,24.0,0.0,0.04690637869610798,True
2018-08-02 19:25:00,24.0,24.022102516065218,23.75,setpoint_c,-1.3839396680767535,0.4,21.0,24.0,0.0,0.04613132226922512,True
2018-08-02 19:30:00,24.000000000000004,24.022156875710156,23.75,setpoint_c,-1.3625561119162595,0.4,21.0,24.0,3.552713678800501e-15,0.04541853706387532,True
2018-08-02 19:35:00,24.000000000000004,24.022185693913492,23.75,setpoint_c,-1.247609598833951,0.4,21.0,24.0,3.552713678800501e-15,0.04158698662779837,True
2018-08-02 19:40:00,24.000000000000004,24.022292006080338,23.75,setpoint_c,-1.2156716734303041,0.4,21.0,24.0,3.552713678800501e-15,0.04052238911434347,True
2018-08-02 19:45:00,24.0,24.022365921737258,23.75,setpoint_c,-1.1874647755370238,0.4,21.0,24.0,0.0,0.03958215918456746,True
2018-08-02 19:50:00,24.000000000000004,24.022402712797383,23.75,setpoint_c,-1.1135104536372238,0.4,21.0,24.0,3.552713678800501e-15,0.03711701512124079,True
2018-08-02 19:55:00,24.0,24.022466463418457,23.75,setpoint_c,-1.0821053511499195,0.4,21.0,24.0,0.0,0.036070178371663986,True
2018-08-02 20:00:00,24.000000000000004,24.022506838786562,23.75,setpoint_c,-1.0528363897356323,0.4,21.0,24.0,3.552713678800501e-15,0.03509454632452108,True
2018-08-02 20:05:00,23.999999999999996,24.022526725314012,23.75,setpoint_c,-0.9388910348208732,0.4,21.0,24.0,0.0,0.03129636782736244,True
2018-08-02 20:10:00,23.999999999999996,24.02263328768339,23.75,setpoint_c,-0.9009806968900375,0.4,21.0,24.0,0.0,0.03003268989633458,True
2018-08-02 20:15:00,24.0,24.022700341857224,23.75,setpoint_c,-0.8674854263716847,0.4,21.0,24.0,0.0,0.028916180879056154,True
2018-08-02 20:20:00,24.0,24.02272950491242,23.75,setpoint_c,-0.7906775474837051,0.4,21.0,24.0,0.0,0.02635591824945684,True
2018-08-02 20:25:00,23.999999999999996,24.022788385676012,23.75,setpoint_c,-0.7555248246788976,0.4,21.0,24.0,0.0,0.02518416082262992,True
2018-08-02 20:30:00,24.0,24.022819350288334,23.75,setpoint_c,-0.7233837123835695,0.4,21.0,24.0,0.0,0.024112790412785648,True
2018-08-02 20:35:00,23.999999999999996,24.022826545304255,23.75,setpoint_c,-0.6929627558169305,0.4,21.0,24.0,0.0,0.023098758527231013,True
2018-08-02 20:40:00,24.000000000000004,24.022821075253187,23.75,setpoint_c,-0.6634091898708142,0.4,21.0,24.0,3.552713678800501e-15,0.022113639662360476,True
2018-08-02 20:45:00,24.000000000000004,24.02281104163619,23.75,setpoint_c,-0.6351001658430906,0.4,21.0,24.0,3.552713678800501e-15,0.02117000552810302,True
2018-08-02 20:50:00,23.999999999999996,24.022794122876366,23.75,setpoint_c,-0.6928580106665029,0.4,21.0,24.0,0.0,0.023095267022216762,True
2018-08-02 20:55:00,24.0,24.02271684828129,23.75,setpoint_c,-0.6725491707658512,0.4,21.0,24.0,0.0,0.02241830569219504,True
2018-08-02 21:00:00,23.999999999999996,24.022666958436727,23.75,setpoint_c,-0.6502646484693975,0.1,21.0,24.0,0.0,0.005418872070578312,True
2018-08-02 21:05:00,24.0,24.022637765432748,23.75,setpoint_c,-0.6687723307272538,0.1,21.0,24.0,0.0,0.0055731027560604485,True
2018-08-02 21:10:00,23.999999999999996,24.021935715979907,23.75,setpoint_c,-0.6495940549881776,0.1,21.0,24.0,0.0,0.005413283791568147,True
2018-08-02 21:15:00,24.000000000000007,24.021171628022252,23.75,setpoint_c,-0.6285220256061879,0.1,21.0,24.0,7.105427357601002e-15,0.005237683546718231,True
2018-08-02 21:20:00,24.0,24.020418532939907,23.75,setpoint_c,-0.6077726242254718,0.1,21.0,24.0,0.0,0.005064771868545599,True
2018-08-02 21:25:00,23.999999999999996,24.019663245694883,23.75,setpoint_c,-0.5878778631233726,0.1,21.0,24.0,0.0,0.004898982192694772,True
2018-08-02 21:30:00,24.0,24.01889901466437,23.75,setpoint_c,-0.5686103729855969,0.1,21.0,24.0,0.0,0.004738419774879974,True
2018-08-02 21:35:00,24.0,24.018126277466447,23.75,setpoint_c,-0.5148424954017974,0.1,21.0,24.0,0.0,0.004290354128348312,True
2018-08-02 21:40:00,24.000000000000004,24.017376707281414,23.75,setpoint_c,-0.4933130382222008,0.1,21.0,24.0,3.552713678800501e-15,0.004110941985185006,True
2018-08-02 21:45:00,24.000000000000004,24.016604413891685,23.75,setpoint_c,-0.4736637960601946,0.1,21.0,24.0,3.552713678800501e-15,0.003947198300501622,True
2018-08-02 21:50:00,23.999999999999993,24.015810975683205,23.75,setpoint_c,-0.43713385829003504,0.1,21.0,24.0,0.0,0.0036427821524169586,True
2018-08-02 21:55:00,24.0,24.015020515623718,23.75,setpoint_c,-0.4172699563987555,0.1,21.0,24.0,0.0,0.0034772496366562962,True
2018-08-02 22:00:00,23.999999999999996,24.014212172978567,23.75,setpoint_c,-0.398574433599715,0.1,21.0,24.0,0.0,0.0033214536133309583,True
2018-08-02 22:05:00,23.999999999999996,24.013387927858236,23.75,setpoint_c,-0.364391434573161,0.1,21.0,24.0,0.0,0.003036595288109675,True
2018-08-02 22:10:00,24.000000000000007,24.013221966689414,23.75,setpoint_c,-0.3476896559567541,0.1,21.0,24.0,7.105427357601002e-15,0.0028974137996396173,True
2018-08-02 22:15:00,24.0,24.013094554204603,23.75,setpoint_c,-0.33228731994173705,0.1,21.0,24.0,0.0,0.0027690609995144754,True
2018-08-02 22:20:00,23.999999999999996,24.012955656701028,23.75,setpoint_c,-0.3087935551296105,0.1,21.0,24.0,0.0,0.0025732796260800874,True
2018-08-02 22:25:00,24.0,24.01281329069315,23.75,setpoint_c,-0.2940764225997265,0.1,21.0,24.0,0.0,0.002450636854997721,True
2018-08-02 22:30:00,24.0,24.01265771588255,23.75,setpoint_c,-0.2803925451916293,0.1,21.0,24.0,0.0,0.0023366045432635777,True
2018-08-02 22:35:00,24.000000000000004,24.01249035305616,23.75,setpoint_c,-0.2676000463825767,0.1,21.0,24.0,3.552713678800501e-15,0.002230000386521472,True
2018-08-02 22:40:00,24.000000000000004,24.01231308000986,23.75,setpoint_c,-0.25599347559170554,0.1,21.0,24.0,3.552713678800501e-15,0.002133278963264213,True
2018-08-02 22:45:00,24.0,24.012124170863597,23.75,setpoint_c,-0.24448968277871605,0.1,21.0,24.0,0.0,0.002037414023155967,True
2018-08-02 22:50:00,24.0,24.011932864833184,23.75,setpoint_c,-0.23236076398944716,0.1,21.0,24.0,0.0,0.0019363396999120598,True
2018-08-02 22:55:00,23.999999999999996,24.011746427916894,23.75,setpoint_c,-0.22039168331178366,0.1,21.0,24.0,0.0,0.0018365973609315305,True
2018-08-02 23:00:00,24.0,24.01155944413808,23.75,setpoint_c,-0.20867273077659776,0.1,21.0,24.0,0.0,0.0017389394231383146,True
2018-08-02 23:05:00,24.0,24.011371024680262,23.75,setpoint_c,-0.19773029264161593,0.1,21.0,24.0,0.0,0.0016477524386801327,True
2018-08-02 23:10:00,23.999999999999996,24.010855882828686,23.75,setpoint_c,-0.1857606255354475,0.1,21.0,24.0,0.0,0.001548005212795396,True
2018-08-02 23:15:00,24.0,24.01030633420994,23.75,setpoint_c,-0.17337413454853237,0.1,21.0,24.0,0.0,0.0014447844545711032,True
2018-08-02 23:20:00,23.999999999999996,24.009757770727276,23.75,setpoint_c,-0.16049750950303857,0.1,21.0,24.0,0.0,0.0013374792458586548,True
2018-08-02 23:25:00,24.0,24.009213943865554,23.75,setpoint_c,-0.14747737882292136,0.1,21.0,24.0,0.0,0.001228978156857678,True
2018-08-02 23:30:00,24.0,24.008672159194404,23.75,setpoint_c,-0.1340114244606229,0.1,21.0,24.0,0.0,0.0011167618705051907,True
2018-08-02 23:35:00,23.999999999999996,24.00813443013589,23.75,setpoint_c,-0.12038546711351951,0.1,21.0,24.0,0.0,0.001003212225945996,True
2018-08-02 23:40:00,24.0,24.00759835627866,23.75,setpoint_c,-0.10691363189247206,0.1,21.0,24.0,0.0,0.0008909469324372673,True
2018-08-02 23:45:00,24.0,24.00706091390207,23.75,setpoint_c,-0.09310312321642421,0.1,21.0,24.0,0.0,0.0007758593601368683,True
2018-08-02 23:50:00,23.999999999999996,24.00652568943649,23.75,setpoint_c,-0.07956043654133098,0.1,21.0,24.0,0.0,0.0006630036378444247,True
2018-08-02 23:55:00,24.000000000000004,24.005987843256154,23.75,setpoint_c,-0.0651961781480932,0.1,21.0,24.0,3.552713678800501e-15,0.0005433014845674433,True
