Date/Time,Environment:Site Outdoor Air Drybulb Temperature [C](TimeStep),Environment:Site Diffuse Solar Radiation Rate per Area [W/m2](TimeStep),Environment:Site Direct Solar Radiation Rate per Area [W/m2](TimeStep),CONDITIONED SPACE:Zone Total Internal Convective Heating Energy [J](TimeStep),CONDITIONED SPACE:Zone Mean Air Temperature [C](TimeStep),CONDITIONED SPACE:Zone Air System Sensible Heating Energy [J](TimeStep),CONDITIONED SPACE:Zone Air System Sensible Cooling Energy [J](TimeStep),CONDITIONED SPACE:Zone Thermostat Cooling Setpoint Temperature [C](TimeStep),ELECTRICITY:TOTAL [J](RunPeriod),ELECTRICITY:NET [J](RunPeriod),water heater energy adjustment1:InteriorEquipment:Electricity:Zone:CONDITIONED SPACE [J](RunPeriod),water heater energy adjustment1:InteriorEquipment:Electricity:Zone:CONDITIONED SPACE [J](Hourly),interior lighting:InteriorLights:Electricity [J](RunPeriod),interior lighting:InteriorLights:Electricity [J](Hourly),exterior lighting:ExteriorLights:Electricity [J](RunPeriod),exterior lighting:ExteriorLights:Electricity [J](Hourly),mech vent:InteriorEquipment:Electricity:Zone:CONDITIONED SPACE [J](RunPeriod),mech vent:InteriorEquipment:Electricity:Zone:CONDITIONED SPACE [J](Hourly),whole house fan:InteriorEquipment:Electricity:Zone:CONDITIONED SPACE [J](RunPeriod),whole house fan:InteriorEquipment:Electricity:Zone:CONDITIONED SPACE [J](Hourly),fridge:InteriorEquipment:Electricity:Zone:CONDITIONED SPACE [J](RunPeriod),fridge:InteriorEquipment:Electricity:Zone:CONDITIONED SPACE [J](Hourly),clothes washer:InteriorEquipment:Electricity:Zone:CONDITIONED SPACE [J](RunPeriod),clothes washer:InteriorEquipment:Electricity:Zone:CONDITIONED SPACE [J](Hourly),clothes dryer:InteriorEquipment:Electricity:Zone:CONDITIONED SPACE [J](RunPeriod),clothes dryer:InteriorEquipment:Electricity:Zone:CONDITIONED SPACE [J](Hourly),cooking range:InteriorEquipment:Electricity:Zone:CONDITIONED SPACE [J](RunPeriod),cooking range:InteriorEquipment:Electricity:Zone:CONDITIONED SPACE [J](Hourly),ceiling fan:InteriorEquipment:Electricity:Zone:CONDITIONED SPACE [J](RunPeriod),ceiling fan:InteriorEquipment:Electricity:Zone:CONDITIONED SPACE [J](Hourly),misc tv:InteriorEquipment:Electricity:Zone:CONDITIONED SPACE [J](RunPeriod),misc tv:InteriorEquipment:Electricity:Zone:CONDITIONED SPACE [J](Hourly),misc plug loads:InteriorEquipment:Electricity:Zone:CONDITIONED SPACE [J](RunPeriod),misc plug loads:InteriorEquipment:Electricity:Zone:CONDITIONED SPACE [J](Hourly),ELECTRICITY:TOTAL [J](Monthly)
 08/02  00:05:00,21.583333333333332,0.0,0.0,108686.14772052024,23.495523472602844,1193131.2412602396,0.0,24.0
 08/02  00:10:00,21.166666666666668,0.0,0.0,108955.2319033802,23.63475672291985,0.0,0.0,24.0
 08/02  00:15:00,20.75,0.0,0.0,109085.49586215008,23.61793705797436,0.0,0.0,24.0
 08/02  00:20:00,20.333333333333336,0.0,0.0,109069.759706196,23.532013200065627,0.0,0.0,24.0
 08/02  00:25:00,19.916666666666664,0.0,0.0,108989.3709925914,23.500101556612545,243113.58030238174,0.0,24.0
 08/02  00:30:00,19.5,0.0,0.0,108959.51507098082,23.500000263243802,198327.82154956248,0.0,24.0
 08/02  00:35:00,19.083333333333336,0.0,0.0,108959.42030284765,23.500000000592,172146.85193902103,0.0,24.0
 08/02  00:40:00,18.666666666666664,0.0,0.0,108959.42005711565,23.500000000001563,202380.9563713577,0.0,24.0
 08/02  00:45:00,18.25,0.0,0.0,108959.42005656328,23.500000000000004,212770.06727303247,0.0,24.0
 08/02  00:50:00,17.833333333333336,0.0,0.0,108959.42005656181,23.5,223307.05611415906,0.0,24.0
 08/02  00:55:00,17.416666666666668,0.0,0.0,108959.42005656181,23.5,234124.02151767164,0.0,24.0
 08/02  01:00:00,17.0,0.0,0.0,108959.42005656181,23.5,245235.55036502078,0.0,24.0,,,,3.0,,125778.74237595669,,51831.951780821975,,0.0,,0.0,,758859.8590726076,,0.0,,0.0,,0.0,,28262.363297301097,,46364.67742160767,,1302249.0277753826
 08/02  01:05:00,16.916666666666664,0.0,0.0,106883.08717984948,23.5,253950.9232761164,0.0,24.0
 08/02  01:10:00,16.833333333333336,0.0,0.0,106883.08717984948,23.500000000000004,260488.72297295596,0.0,24.0
 08/02  01:15:00,16.75,0.0,0.0,106883.08717984948,23.5,266975.04801645415,0.0,24.0
 08/02  01:20:00,16.666666666666668,0.0,0.0,106883.08717984948,23.5,273503.1697204687,0.0,24.0
 08/02  01:25:00,16.583333333333332,0.0,0.0,106883.08717984948,23.5,280101.3686105318,0.0,24.0
 08/02  01:30:00,16.5,0.0,0.0,106883.08717984948,23.500000000000004,286783.5313746705,0.0,24.0
 08/02  01:35:00,16.416666666666668,0.0,0.0,106883.08717984948,23.500000000000004,293530.82473064424,0.0,24.0
 08/02  01:40:00,16.333333333333332,0.0,0.0,106883.08717984948,23.500000000000004,300407.5154055376,0.0,24.0
 08/02  01:45:00,16.25,0.0,0.0,106883.08717984948,23.500000000000004,307336.327158683,0.0,24.0
 08/02  01:50:00,16.166666666666668,0.0,0.0,106883.08717984948,23.47023573759992,202993.8864590981,0.0,23.97015721382836
 08/02  01:55:00,16.083333333333332,0.0,0.0,106859.63718146627,23.421499603730062,197896.66886162804,0.0,23.92137437564977
 08/02  02:00:00,16.0,0.0,0.0,106821.24005120684,23.36424384844204,184243.82230154506,0.0,23.86410692826773,,,,0.0,,125778.74237595669,,51831.951780821975,,0.0,,0.0,,696384.12704545,,0.0,,0.0,,0.0,,28262.363297301097,,46364.67742160767,,1302249.0277753826
 08/02  02:05:00,16.083333333333332,0.0,0.0,107575.69720044111,23.30312709823817,167135.6537758304,0.0,23.80299454170606
 08/02  02:10:00,16.166666666666668,0.0,0.0,107524.53645256703,23.240223697902895,154513.6983076411,0.0,23.740097580610882
 08/02  02:15:00,16.25,0.0,0.0,107471.88010231541,23.17481792532837,137687.47948601568,0.0,23.674701087229955
 08/02  02:20:00,16.333333333333336,0.0,0.0,107417.12901969023,23.108572293410138,129870.8695752644,0.0,23.608460679604615
 08/02  02:25:00,16.416666666666664,0.0,0.0,107361.67489195892,23.042214178844677,120838.6433787667,0.0,23.54211015464768
 08/02  02:30:00,16.5,0.0,0.0,107306.12660515768,22.976070639496896,112842.30635108927,0.0,23.475973815978602
 08/02  02:35:00,16.583333333333336,0.0,0.0,107250.75793897726,22.910286847066697,105520.7297999675,0.0,23.41019680138929
 08/02  02:40:00,16.666666666666664,0.0,0.0,107195.69041644874,22.844929070908314,98723.71119757002,0.0,23.344845374593568
 08/02  02:45:00,16.75,0.0,0.0,107140.97951155774,22.780029449718953,92355.83663765437,0.0,23.27995170483233
 08/02  02:50:00,16.833333333333336,0.0,0.0,107086.6521275637,22.715605656057676,86303.69885710256,0.0,23.21553354269119
 08/02  02:55:00,16.916666666666664,0.0,0.0,107032.72305814164,22.65166962651766,80667.0584977286,0.0,23.151602737697967
 08/02  03:00:00,17.0,0.0,0.0,106979.20229539728,22.588230895937958,75293.0308655806,0.0,23.088168953291483,,,,0.0,,125778.74237595669,,49030.22465753428,,0.0,,0.0,,720631.1817110213,,0.0,,0.0,,0.0,,28262.363297301097,,46364.67742160767,,1302249.0277753826
 08/02  03:05:00,16.916666666666664,0.0,0.0,104981.82341001873,22.52530177258543,74368.04708065755,0.0,23.025241089360144
 08/02  03:10:00,16.833333333333336,0.0,0.0,104932.24422606187,22.462887530469047,71650.27668276949,0.0,22.962829551597302
 08/02  03:15:00,16.75,0.0,0.0,104883.0706951662,22.402475322152878,74618.19316849086,0.0,22.902416882452723
 08/02  03:20:00,16.666666666666668,0.0,0.0,104835.47448168385,22.34326582856812,71797.22789030465,0.0,22.843210724568614
 08/02  03:25:00,16.583333333333332,0.0,0.0,104788.82583606415,22.28492044768617,70776.66713098683,0.0,22.784866927784186
 08/02  03:30:00,16.5,0.0,0.0,104742.85798814784,22.22736483662878,69944.56716960271,0.0,22.727312670208107
 08/02  03:35:00,16.416666666666668,0.0,0.0,104697.5123663381,22.17050430177177,68901.98495760543,0.0,22.670453542119652
 08/02  03:40:00,16.333333333333332,0.0,0.0,104652.7143655497,22.11430867378291,68077.52293598122,0.0,22.614259116605467
 08/02  03:45:00,16.25,0.0,0.0,104608.44021664697,22.058985106391482,68188.48070844519,0.0,22.558936246931424
 08/02  03:50:00,16.166666666666668,0.0,0.0,104564.85312725622,22.004443294385077,67679.08191957886,0.0,22.504395493680047
 08/02  03:55:00,16.083333333333332,0.0,0.0,104521.88194973553,21.950658513404353,67590.8966111874,0.0,22.450611446219266
 08/02  04:00:00,16.0,0.0,0.0,104479.50720481206,21.899378521970064,74191.41612054293,0.0,22.39932926957909,,,,0.0,,125778.74237595669,,49030.22465753428,,0.0,,0.0,,650080.9739256566,,0.0,,0.0,,0.0,,28262.363297301097,,46364.67742160767,,1302249.0277753826
 08/02  04:05:00,16.083333333333332,0.0,0.0,19216.56017506935,21.849735435905153,135782.3213117384,0.0,22.349648096902644
 08/02  04:10:00,16.166666666666668,0.0,0.0,21116.56686544699,21.80128346260059,134205.41758241763,0.0,22.301199224953045
 08/02  04:15:00,16.25,0.0,0.0,22999.621650493522,21.75607917468702,140867.26357030417,0.0,22.255996689428116
 08/02  04:20:00,16.333333333333336,0.0,0.0,24837.62870912791,21.713235542643098,139993.50325514737,0.0,22.213157861982115
 08/02  04:25:00,16.416666666666664,0.0,0.0,26642.46453777076,21.672356781656006,141424.5042590612,0.0,22.172281920184172
 08/02  04:30:00,16.5,0.0,0.0,28419.47294142133,21.63325532762013,142827.14224593228,0.0,22.133183025878473
 08/02  04:35:00,16.583333333333336,0.0,0.0,30171.21996668293,21.59584179663937,144363.0494299808,0.0,22.09577188751277
 08/02  04:40:00,16.666666666666664,0.0,0.0,31898.948388014218,21.560070952252754,146102.19333239633,0.0,22.0600033228702
 08/02  04:45:00,16.75,0.0,0.0,33603.299869511684,21.52557980853493,146775.90217626453,0.0,22.025514314547195
 08/02  04:50:00,16.833333333333336,0.0,0.0,35289.19405877124,21.49252924399822,148985.1043218057,0.0,21.992465556519264
 08/02  04:55:00,16.916666666666664,0.0,0.0,36954.484393898965,21.460985169947055,151028.07815496516,0.0,21.96092356699063
 08/02  05:00:00,17.0,0.0,0.0,38598.30614895367,21.430805181410527,152686.79939632968,0.0,21.930745610188247,,,,0.0,,125778.74237595669,,54633.67890410966,,108000.0,,0.0,,626094.7026973092,,0.0,,0.0,,0.0,,28262.363297301097,,46364.67742160767,,1302249.0277753826
 08/02  05:05:00,17.0,0.0,0.0,108289.13946405928,21.402068444148842,102655.7623547108,0.0,21.902030356816244
 08/02  05:10:00,17.0,0.0,0.0,108259.42386692262,21.3748483762902,107062.04045906919,0.0,21.87481075643023
 08/02  05:15:00,17.0,0.0,0.0,108231.27660151961,21.346165732330874,101065.98929274603,0.0,21.846128325795945
 08/02  05:20:00,17.0,0.0,0.0,110805.81798137659,21.31742490286584,102976.53681120292,0.0,21.817386723600386
 08/02  05:25:00,17.0,0.0,0.0,110776.09815264377,21.289256242554863,104638.68540596963,0.0,21.789218227217944
 08/02  05:30:00,17.0,0.0,0.0,110746.96998287077,21.26159556975455,106306.09195396189,0.0,21.76155765483308
 08/02  05:35:00,17.0,11.166666666666671,9.833333333333337,118038.64605572651,21.23477388530552,99696.20772534836,0.0,21.734739414753754
 08/02  05:40:00,17.0,22.33333333333333,19.66666666666666,118010.91074387266,21.208955110077,100486.92482525439,0.0,21.708921666164624
 08/02  05:45:00,17.0,33.5,29.5,117984.21250334985,21.184135310601942,101618.5676434122,0.0,21.684102802366034
 08/02  05:50:00,17.0,44.66666666666666,39.33333333333332,179859.78908546793,21.16037922086915,32663.9481798951,0.0,21.660369220440177
 08/02  05:55:00,17.0,55.83333333333333,49.166666666666664,179835.22379172515,21.13776773858103,28516.372505540046,0.0,21.63775942303932
 08/02  06:00:00,17.0,67.0,59.0,179811.84209420613,21.115480597977907,23285.299275849546,0.0,21.615473903866313,,,,0.0,,705758.4988873125,,61637.99671232877,,0.0,,0.0,,650267.0411271272,,0.0,,0.0,,607065.1541917307,,41218.74362124197,,178678.96912006353,,1208403.6796883666
 08/02  06:05:00,17.166666666666664,78.16666666666667,68.83333333333334,211387.83948968165,21.09845448856366,0.0,0.0,21.593944348552395
 08/02  06:10:00,17.333333333333336,89.33333333333334,78.66666666666667,211371.91018824183,21.087052581454266,0.0,0.0,21.57552626246249
 08/02  06:15:00,17.5,100.5,88.5,211361.242782617,21.07990735131626,0.0,0.0,21.559457071785527
 08/02  06:20:00,17.666666666666668,111.66666666666667,98.33333333333334,211354.55784233168,21.075762025121804,0.0,0.0,21.54554901169979
 08/02  06:25:00,17.833333333333332,122.83333333333333,108.16666666666666,211350.67955464355,21.074122835404516,0.0,0.0,21.533278298531595
 08/02  06:30:00,18.0,134.0,118.0,211349.14596018058,21.074970630637694,0.0,0.0,21.522455473585445
 08/02  06:35:00,18.166666666666668,141.83333333333334,120.58333333333333,199360.21233090563,21.074491043233113,0.0,0.0,21.51310412498236
 08/02  06:40:00,18.333333333333332,149.66666666666666,123.16666666666667,199359.76363812748,21.07377438106172,0.0,0.0,21.503428609840302
 08/02  06:45:00,18.5,157.5,125.75,199359.09314274412,21.074448027683555,0.0,0.0,21.5
 08/02  06:50:00,18.666666666666668,165.33333333333331,128.33333333333331,193348.54514511226,21.075613132353826,0.0,0.0,21.5
 08/02  06:55:00,18.833333333333332,173.16666666666666,130.91666666666669,193349.63519469727,21.078082203958754,0.0,0.0,21.5
 08/02  07:00:00,19.0,181.0,133.5,193351.9452107388,21.08259870492145,0.0,0.0,21.5,,,,0.0,,868381.519332994,,57435.40602739732,,0.0,,0.0,,704146.976934645,,0.0,,0.0,,3640570.639830468,,28262.363297301097,,240790.14076033034,,1236789.0010233282
 08/02  07:05:00,19.083333333333332,188.83333333333331,136.08333333333334,118687.0034641614,21.06690970955292,0.0,0.0,21.5
 08/02  07:10:00,19.166666666666668,196.66666666666669,138.66666666666666,118675.41531428092,21.03919505543917,0.0,0.0,21.5
 08/02  07:15:00,19.25,204.5,141.25,118654.94481516913,21.00964876134341,0.0,0.0,21.5
 08/02  07:20:00,19.333333333333336,212.33333333333331,143.83333333333334,107012.41995431866,21.00000940114058,75386.64560547122,0.0,21.5
 08/02  07:25:00,19.416666666666664,220.16666666666669,146.41666666666666,107005.3001644176,21.000000007499526,61678.92099725002,0.0,21.5
 08/02  07:30:00,19.5,228.0,149.0,107005.29322611989,21.000000000004896,50492.02524538094,0.0,21.5
 08/02  07:35:00,19.583333333333336,230.16666666666669,168.58333333333331,107554.49006612108,21.000000000000004,52716.41665309516,0.0,21.5
 08/02  07:40:00,19.666666666666664,232.33333333333331,188.16666666666666,107554.49006611746,21.0,48676.312240140396,0.0,21.5
 08/02  07:45:00,19.75,234.5,207.75,107554.49006611746,20.999999999999996,44205.895777311525,0.0,21.5
 08/02  07:50:00,19.833333333333336,236.66666666666669,227.33333333333331,107803.0535873522,21.000000000000004,38677.001409785575,0.0,21.5
 08/02  07:55:00,19.916666666666664,238.83333333333331,246.91666666666669,107803.0535873522,21.0,31912.71540279268,0.0,21.5
 08/02  08:00:00,20.0,241.0,266.5,107803.0535873522,21.000000000000004,26211.20609965582,0.0,21.5,,,,0.0,,684795.3751579863,,43426.77041095893,,0.0,,0.0,,729134.5020980102,,0.0,,0.0,,121048.97377436308,,28262.363297301097,,238603.12767440543,,1265174.3223582897
 08/02  08:05:00,20.0,243.16666666666669,286.0833333333333,109991.54673803714,21.0,18745.95065059257,0.0,21.5
 08/02  08:10:00,20.0,245.33333333333331,305.66666666666663,109991.54673803714,21.0,13398.097109256194,0.0,21.5
 08/02  08:15:00,20.0,247.5,325.25,109991.54673803714,21.0,7987.406426170492,0.0,21.5
 08/02  08:20:00,20.0,249.66666666666669,344.8333333333333,109991.54673803714,20.99931801376075,0.0,0.0,21.5
 08/02  08:25:00,20.0,251.83333333333331,364.4166666666667,109991.0430117901,20.999717793027486,0.0,0.0,21.5
 08/02  08:30:00,20.0,254.0,384.0,109991.33829532823,21.00229587663508,0.0,0.0,21.501221950392154
 08/02  08:35:00,20.0,249.91666666666666,408.0,110442.4577405789,21.01762516831681,36503.585835993945,0.0,21.517632471651027
 08/02  08:40:00,20.0,245.83333333333334,432.0,110453.78020740338,21.041027130142428,35700.03251675244,0.0,21.54103803516939
 08/02  08:45:00,20.0,241.75,456.0,110471.06528109756,21.069426417938004,42059.704411511826,0.0,21.569442008662133
 08/02  08:50:00,20.0,237.66666666666666,479.99999999999994,110737.82394951418,21.10147039478083,47639.14669041357,0.0,21.601490320554753
 08/02  08:55:00,20.0,233.58333333333334,504.0,110761.49215756057,21.13657473263629,52660.50519014883,0.0,21.636598862455706
 08/02  09:00:00,20.0,229.5,528.0,110787.42079855825,21.172362251718535,49505.87074483744,0.0,21.67238537596897,,,,0.0,,660656.0205605808,,35021.589041095904,,0.0,,0.0,,795101.5354305875,,0.0,,0.0,,0.0,,28262.363297301097,,273085.0339958212,,1265174.3223582897
 08/02  09:05:00,20.333333333333332,225.41666666666669,552.0,109543.4808871697,21.209846928827286,54476.48528039141,0.0,21.70987357822322
 08/02  09:10:00,20.666666666666668,221.33333333333331,576.0,109578.55083218843,21.249490299556157,56045.560975537475,0.0,21.7495192939385
 08/02  09:15:00,21.0,217.25,600.0,109615.64040955853,21.29024395085709,52679.489842028015,0.0,21.790271965478308
 08/02  09:20:00,21.333333333333336,213.16666666666666,624.0,109653.76874413881,21.331921816364776,51532.34031953224,0.0,21.83194984259895
 08/02  09:25:00,21.666666666666664,209.08333333333334,648.0,109692.76175580626,21.374439340434325,49673.97180016626,0.0,21.87446689891865
 08/02  09:30:00,22.0,205.0,672.0,109732.54033592119,21.417755211350272,47415.16787910932,0.0,21.91778200993893
 08/02  09:35:00,22.333333333333332,212.5,663.25,168376.95614430544,21.46727196868146,0.0,0.0,21.961870593235556
 08/02  09:40:00,22.666666666666668,220.0,654.5,168423.2830728281,21.52251292253544,0.0,0.0,22.009310009051188
 08/02  09:45:00,23.0,227.5,645.75,168474.96544983832,21.58152805554283,0.0,0.0,22.059194934083113
 08/02  09:50:00,23.333333333333332,235.0,637.0,197845.0227767638,21.65181516508613,0.0,0.0,22.111432249406917
 08/02  09:55:00,23.666666666666668,242.5,628.25,197910.78204848053,21.729593152793246,0.0,0.0,22.169654909402112
 08/02  10:00:00,24.0,250.0,619.5,197983.54964214668,21.810699608103878,0.0,0.0,22.23185847608623,,,,0.0,,639057.6506576384,,33620.725479452,,0.0,,0.0,,757858.6489665484,,0.0,,0.0,,1517207.8141493476,,28262.363297301097,,302682.61109200475,,1265174.3223582897
 08/02  10:05:00,24.25,257.5,610.75,196172.78156818225,21.89236240243054,0.0,0.0,22.29652102584079
 08/02  10:10:00,24.5,265.0,602.0,196245.1625469324,21.974181194054268,0.0,0.0,22.362331540482344
 08/02  10:15:00,24.75,272.5,593.25,196317.68179228407,22.056478332344774,0.0,0.0,22.42940919323028
 08/02  10:20:00,25.0,280.0,584.5,196390.62501528932,22.139615321144518,0.0,0.0,22.49798926788273
 08/02  10:25:00,25.25,287.49999999999994,575.75,196464.31263116485,22.22378673420873,0.0,0.0,22.56818989605512
 08/02  10:30:00,25.5,295.0,567.0,196538.9170983595,22.309058779732208,0.0,0.0,22.639977156789424
 08/02  10:35:00,25.75,304.5,538.75,196791.55070167457,22.39537610497402,0.0,0.0,22.713427753964968
 08/02  10:40:00,26.0,314.0,510.5,196868.05717608082,22.482618749966818,0.0,0.0,22.78848099452675
 08/02  10:45:00,26.25,323.5,482.25,196945.38379814161,22.570708130955374,0.0,0.0,22.86505055889906
 08/02  10:50:00,26.5,333.0,454.00000000000006,121337.81897083069,22.63673236159217,0.0,0.0,22.94306063041722
 08/02  10:55:00,26.75,342.5,425.75,121396.33886932449,22.689173332081563,0.0,0.0,23.011518562042948
 08/02  11:00:00,27.0,352.0,397.5,121442.81938474068,22.738653009070987,0.0,0.0,23.075032522696397,,,,0.0,,614283.0498866168,,33620.725479452,,0.0,,0.0,,727445.3865497522,,0.0,,0.0,,2851476.953647214,,28262.363297301097,,328051.96288873337,,1265174.3223582897
 08/02  11:05:00,27.166666666666668,361.5,369.25,110549.87781533758,22.78690437089579,0.0,0.0,23.137417942190556
 08/02  11:10:00,27.333333333333332,371.0,341.0,110592.64491415783,22.836220489665656,0.0,0.0,23.199441987562945
 08/02  11:15:00,27.5,380.5,312.75,110636.35574935706,22.8878065500033,0.0,0.0,23.260796118534536
 08/02  11:20:00,27.66666666666667,390.0,284.5,110682.07852394352,22.94169659925603,0.0,0.0,23.32202954003156
 08/02  11:25:00,27.833333333333332,399.5,256.25,110729.84341543382,22.997534073563966,0.0,0.0,23.38327314015948
 08/02  11:30:00,28.0,409.0,228.0,110779.33438711397,23.05505119159069,0.0,0.0,23.444459325767102
 08/02  11:35:00,28.166666666666664,401.0,252.50000000000003,111662.7695832099,23.114298430426906,0.0,0.0,23.505545067800337
 08/02  11:40:00,28.333333333333336,393.0,277.0,111715.28276464787,23.17499375489275,0.0,0.0,23.566624935573554
 08/02  11:45:00,28.5,385.0,301.5,111769.07944190605,23.236836185280012,0.0,0.0,23.62784109125897
 08/02  11:50:00,28.666666666666668,377.0,326.0,112267.54600778795,23.299727156859166,0.0,0.0,23.688880043631542
 08/02  11:55:00,28.833333333333332,369.0,350.5,112323.28877430702,23.36345530210227,0.0,0.0,23.749730069529953
 08/02  12:00:00,29.0,361.0,375.0,112379.77356110203,23.427619901967624,0.0,0.0,23.81087970021009,,,,0.0,,600307.634067066,,35021.589041095904,,0.0,,0.0,,768464.4031556969,,0.0,,0.0,,0.0,,28262.363297301097,,355025.12428180705,,1265174.3223582897
 08/02  12:05:00,29.25,353.0,399.5,106412.50224204133,23.490572639426922,0.0,0.0,23.87159383104297
 08/02  12:10:00,29.5,345.0,424.00000000000006,106462.1000305501,23.553233331464536,0.0,0.0,23.931092693762487
 08/02  12:15:00,29.75,337.0,448.5,106511.46772887302,23.616591849383223,0.0,0.0,23.99093695884063
 08/02  12:20:00,30.0,329.0,473.0,103617.22879733461,23.680128019035738,0.0,0.0,24.0
 08/02  12:25:00,30.25,321.0,497.5,103667.28624729252,23.744261885030756,0.0,0.0,24.0
 08/02  12:30:00,30.5,313.0,522.0,103717.81459681704,23.809487145976846,0.0,0.0,24.0
 08/02  12:35:00,30.75,311.3333333333333,524.3333333333334,104002.48420590862,23.87592222359478,0.0,0.0,24.0
 08/02  12:40:00,31.0,309.6666666666667,526.6666666666666,104054.82558234816,23.94345510258077,0.0,0.0,24.0
 08/02  12:45:00,31.25,308.0,529.0,104108.03186986664,23.9999582612099,0.0,44771.384573329226,24.0
 08/02  12:50:00,31.5,306.3333333333333,531.3333333333334,104269.18900701734,23.999999838737864,0.0,234417.12663687344,24.0
 08/02  12:55:00,31.75,304.6666666666667,533.6666666666666,104269.22176418599,23.99999999964578,0.0,132821.5745309137,24.0
 08/02  13:00:00,32.0,303.0,536.0,104269.22189095849,23.999999999998906,0.0,186303.79826790068,24.0,,,,0.0,,380512.4579959497,,39224.17972602736,,0.0,,0.0,,784852.9677095502,,0.0,,0.0,,0.0,,28262.363297301097,,231094.38274606335,,1281973.7982504098
 08/02  13:05:00,31.833333333333332,301.33333333333337,538.3333333333334,103896.42251539862,23.999999999999993,0.0,196822.18888889917,24.0
 08/02  13:10:00,31.666666666666668,299.66666666666663,540.6666666666666,103896.42251539954,24.0,0.0,207052.45334253428,24.0
 08/02  13:15:00,31.5,298.0,543.0,103896.42251539954,23.999999999999996,0.0,216960.27365614998,24.0
 08/02  13:20:00,31.333333333333336,296.33333333333337,545.3333333333334,103896.42251539954,24.0,0.0,226604.80199644226,24.0
 08/02  13:25:00,31.166666666666664,294.6666666666667,547.6666666666666,103896.42251539954,24.0,0.0,235191.58092832664,24.0
 08/02  13:30:00,31.0,293.0,550.0,103896.42251539954,24.0,0.0,243250.27984638576,24.0
 08/02  13:35:00,30.833333333333332,285.41666666666663,559.75,111949.21004422089,24.0,0.0,260090.67039581132,24.0
 08/02  13:40:00,30.666666666666668,277.83333333333337,569.5,111949.21004422089,24.0,0.0,267790.70999847614,24.0
 08/02  13:45:00,30.5,270.25,579.25,111949.21004422089,23.999999999999993,0.0,274130.1848955452,24.0
 08/02  13:50:00,30.333333333333332,262.66666666666663,589.0,132091.14779159045,23.999999999999996,0.0,301115.96171261044,24.0
 08/02  13:55:00,30.166666666666668,255.08333333333334,598.75,132091.14779159045,24.000000000000004,0.0,307479.56540234166,24.0
 08/02  14:00:00,30.0,247.5,608.5,132091.14779159048,23.999999999999996,0.0,313709.9502338154,24.0,,,,0.0,,499303.492462131,,42025.90684931504,,0.0,,0.0,,791468.547945204,,0.0,,0.0,,0.0,,28262.363297301097,,350067.89462037734,,1292401.059148967
 08/02  14:05:00,30.083333333333332,239.91666666666669,618.25,139854.62053285746,24.000000000000004,0.0,331682.4005340518,24.0
 08/02  14:10:00,30.166666666666664,232.33333333333331,628.0,139854.62053285746,24.000000000000004,0.0,341660.3568437508,24.0
 08/02  14:15:00,30.25,224.75,637.75,139854.62053285746,24.000000000000004,0.0,351331.1996810138,24.0
 08/02  14:20:00,30.333333333333336,217.16666666666666,647.5,139854.62053285746,24.000000000000004,0.0,360841.245778586,24.0
 08/02  14:25:00,30.416666666666664,209.58333333333334,657.25,139854.62053285746,24.0,0.0,370324.8369349516,24.0
 08/02  14:30:00,30.5,202.0,667.0,139854.62053285746,24.0,0.0,379979.04521211167,24.0
 08/02  14:35:00,30.583333333333336,204.41666666666666,649.9166666666666,203626.78379285266,24.0,0.0,459377.5703957538,24.0
 08/02  14:40:00,30.666666666666664,206.83333333333334,632.8333333333334,203626.78379285266,24.0,0.0,473009.92478585104,24.0
 08/02  14:45:00,30.75,209.25,615.75,203626.78379285266,24.000000000000004,0.0,484678.7945578457,24.0
 08/02  14:50:00,30.833333333333336,211.66666666666669,598.6666666666667,235490.35344762617,24.000000000448882,0.0,530804.7753937414,24.0
 08/02  14:55:00,30.916666666666664,214.08333333333331,581.5833333333334,235490.35344795775,23.999890312343545,0.0,544578.0802124259,24.0
 08/02  15:00:00,31.0,216.5,564.5,235490.27243052,23.999970728994846,0.0,556183.6608367132,24.0,,,,0.0,,841065.9338675083,,49030.22465753428,,0.0,,0.0,,794422.8111566943,,0.0,,0.0,,1517207.8141493476,,28262.363297301097,,712966.2660115142,,1342220.194553185
 08/02  15:05:00,30.999999999999996,218.91666666666666,547.4166666666666,165847.0124075979,23.999999767637206,0.0,489113.22241233167,24.0
 08/02  15:10:00,31.0,221.33333333333334,530.3333333333334,165847.03385601653,23.999999998144354,0.0,492450.45931492554,24.0
 08/02  15:15:00,31.0,223.75,513.25,165847.03402627292,23.99999999998503,0.0,498064.6237863532,24.0
 08/02  15:20:00,31.0,226.16666666666666,496.16666666666663,148372.2949564462,23.999999999999883,0.0,485332.3545046248,24.0
 08/02  15:25:00,31.0,228.58333333333334,479.08333333333337,148372.29495645716,24.000000000000004,0.0,490243.2783362666,24.0
 08/02  15:30:00,31.0,231.0,462.0,148372.29495645722,24.000000000000004,0.0,495779.67305022187,24.0
 08/02  15:35:00,31.0,225.16666666666669,469.33333333333337,134754.5763467507,24.0,0.0,487006.3327819515,24.0
 08/02  15:40:00,31.0,219.33333333333331,476.66666666666663,134754.5763467507,24.0,0.0,492364.7059695446,24.0
 08/02  15:45:00,31.0,213.5,484.0,134754.5763467507,24.000000000000007,0.0,498229.77598626754,24.0
 08/02  15:50:00,31.0,207.66666666666669,491.33333333333337,127918.29162355296,24.0,0.0,496843.5978671591,24.0
 08/02  15:55:00,31.0,201.83333333333331,498.66666666666663,127918.29162355296,24.0,0.0,502575.8234155888,24.0
 08/02  16:00:00,31.0,196.0,506.0,127918.29162355296,23.999999999999996,0.0,508592.92932651564,24.0,,,,0.0,,761660.1621655155,,61637.99671232877,,0.0,,0.0,,826429.6715447624,,0.0,,0.0,,182028.53199152343,,28262.363297301097,,751603.497196187,,1406521.6367609554
 08/02  16:05:00,30.916666666666664,190.16666666666666,513.3333333333334,127365.97721372325,24.0,0.0,511753.36574408016,24.0
 08/02  16:10:00,30.833333333333336,184.33333333333331,520.6666666666666,127365.97721372325,23.999999999999996,0.0,515619.20884985,24.0
 08/02  16:15:00,30.75,178.5,528.0,127365.97721372325,23.999999999999996,0.0,519558.5335932962,24.0
 08/02  16:20:00,30.666666666666668,172.66666666666669,535.3333333333334,127365.97721372325,24.000000000682796,0.0,523596.9567646601,24.0
 08/02  16:25:00,30.583333333333332,166.83333333333331,542.6666666666666,127365.97721439567,23.99999999890791,0.0,527634.0180140939,24.0
 08/02  16:30:00,30.5,161.0,550.0,127365.9772126477,24.00000000049217,0.0,531704.0157819455,24.0
 08/02  16:35:00,30.416666666666664,157.66666666666666,512.6666666666666,134406.83838760652,24.00000000109727,0.0,541803.0565453827,24.0
 08/02  16:40:00,30.333333333333336,154.33333333333334,475.33333333333337,134406.83838820245,24.000000000732133,0.0,543747.3065378492,24.0
 08/02  16:45:00,30.25,151.0,438.0,134406.83838784284,23.999999999757925,0.0,544844.1518874264,24.0
 08/02  16:50:00,30.166666666666664,147.66666666666666,400.6666666666667,137972.09139556438,23.999999999152827,0.0,549877.1201315525,24.0
 08/02  16:55:00,30.083333333333336,144.33333333333334,363.33333333333337,137972.09139496848,23.999999999603993,0.0,550782.901295823,24.0
 08/02  17:00:00,30.0,141.0,326.0,137972.09139541278,24.00000000080436,0.0,548793.9244924843,24.0,,,,0.0,,679078.1595954429,,78448.35945205485,,0.0,,0.0,,849408.9041106412,,0.0,,0.0,,0.0,,37425.81363003649,,771286.6149695112,,1431431.2044630651
 08/02  17:05:00,29.75,137.66666666666669,288.6666666666667,139429.9860731834,23.99999999935396,0.0,548225.5721227155,24.0
 08/02  17:10:00,29.5,134.33333333333331,251.33333333333331,139429.986071755,23.999999999041158,0.0,545744.0179415211,24.0
 08/02  17:15:00,29.25,131.0,214.0,139429.98607144694,24.000000000374268,0.0,542630.9219351317,24.0
 08/02  17:20:00,29.000000000000004,127.66666666666667,176.66666666666663,139429.9860727598,24.00000000094934,0.0,537770.8404417746,24.0
 08/02  17:25:00,28.749999999999996,124.33333333333333,139.33333333333337,139429.98607332617,23.99999999976829,0.0,532648.9921951224,24.0
 08/02  17:30:00,28.5,121.0,102.0,139429.98607216304,23.99999999999809,0.0,526980.3923613547,24.0
 08/02  17:35:00,28.25,114.41666666666666,115.33333333333334,149001.46189269883,24.000000000107864,0.0,534241.0176056009,24.0
 08/02  17:40:00,28.0,107.83333333333334,128.66666666666666,149001.46189280695,24.000000000000895,0.0,531678.2506100521,24.0
 08/02  17:45:00,27.75,101.25,142.0,149001.46189270166,24.00000000000001,0.0,528316.8973909243,24.0
 08/02  17:50:00,27.5,94.66666666666667,155.33333333333331,153876.9135000246,24.000000000000004,0.0,529961.9716706101,24.0
 08/02  17:55:00,27.25,88.08333333333334,168.66666666666666,153876.9135000246,24.0,0.0,527338.3734596077,24.0
 08/02  18:00:00,27.0,81.5,182.0,153876.9135000246,24.0,0.0,523251.7788794415,24.0,,,,0.0,,811209.363707559,,89655.26794520544,,0.0,,0.0,,896187.9452064611,,0.0,,0.0,,0.0,,51909.43567609995,,1051953.294329872,,1434906.958095917
 08/02  18:05:00,26.833333333333332,74.91666666666666,195.33333333333334,194839.16091812256,24.000000000039694,0.0,539360.1173112546,24.0
 08/02  18:10:00,26.666666666666664,68.33333333333333,208.66666666666669,192553.69520909138,24.00000000000033,0.0,533815.8106071649,24.0
 08/02  18:15:00,26.5,61.75,222.0,190266.87491552322,24.000000000000004,0.0,527959.881540605,24.0
 08/02  18:20:00,26.333333333333336,55.16666666666666,235.33333333333334,187978.66513663722,24.0,0.0,523594.467110408,24.0
 08/02  18:25:00,26.166666666666664,48.583333333333336,248.66666666666666,185689.0137479925,24.000000000000004,0.0,518388.5100316024,24.0
 08/02  18:30:00,26.0,42.0,262.0,183397.87638477355,24.0,0.0,512576.0636357939,24.0
 08/02  18:35:00,25.833333333333332,38.5,240.16666666666666,189622.5838525336,24.0,0.0,514668.0589475321,24.0
 08/02  18:40:00,25.666666666666664,35.0,218.33333333333334,187328.36478064494,24.0,0.0,507049.73036619497,24.0
 08/02  18:45:00,25.5,31.5,196.5,185032.55702808924,24.0,0.0,498143.2969482731,24.0
 08/02  18:50:00,25.333333333333336,28.000000000000004,174.66666666666669,186951.648268321,24.0,0.0,492850.30149396043,24.0
 08/02  18:55:00,25.166666666666664,24.5,152.83333333333334,184652.57277470067,23.999999999999993,0.0,482604.75027398206,24.0
 08/02  19:00:00,25.0,21.0,131.0,182351.81780454793,24.0,0.0,471825.59562312113,24.0,,,,0.0,,1025287.3242161319,,95258.72219178076,,108000.0,,0.0,,974481.2876713176,,0.0,,0.0,,0.0,,54175.12394518288,,1381463.2659425554,,1406521.6367609554
 08/02  19:05:00,24.999999999999996,17.5,109.16666666666666,165143.72120692043,24.000000000000004,0.0,453753.4215282358,24.0
 08/02  19:10:00,25.0,0.0,0.0,165143.72120692045,24.0,0.0,439482.98871243023,24.0
 08/02  19:15:00,25.0,0.0,0.0,165143.72120692043,24.000000000000007,0.0,430428.15227581916,24.0
 08/02  19:20:00,25.0,0.0,0.0,165143.72120692045,23.999999999999993,0.0,423121.67334592046,24.0
 08/02  19:25:00,25.0,0.0,0.0,165143.72120692043,24.0,0.0,416126.77962966275,24.0
 08/02  19:30:00,25.0,0.0,0.0,165143.72120692043,24.0,0.0,409691.2379156041,24.0
 08/02  19:35:00,25.0,0.0,0.0,140878.47735048275,23.999999999999996,0.0,375190.9766229742,24.0
 08/02  19:40:00,25.0,0.0,0.0,140878.47735048275,24.000000000000004,0.0,365590.7239312251,24.0
 08/02  19:45:00,25.0,0.0,0.0,140878.47735048275,24.0,0.0,357110.666122759,24.0
 08/02  19:50:00,25.0,0.0,0.0,128683.75022158358,24.000000000000007,0.0,334905.9706625879,24.0
 08/02  19:55:00,25.0,0.0,0.0,128683.75022158358,24.000000000000004,0.0,325466.5726575418,24.0
 08/02  20:00:00,25.0,0.0,0.0,128683.75022158358,23.999999999999996,0.0,316668.7249134177,24.0,,,,0.0,,997971.7387506461,,98060.44931506849,,0.0,,0.0,,876513.2465753434,,0.0,,0.0,,0.0,,48771.037851518406,,1221082.3063080632,,1349750.9940910325
 08/02  20:05:00,24.999999999999996,0.0,0.0,107088.75039101305,24.0,0.0,282466.1428046879,24.0
 08/02  20:10:00,25.0,0.0,0.0,107088.75039101305,24.0,0.0,271074.7357822896,24.0
 08/02  20:15:00,25.0,0.0,0.0,107088.75039101305,24.0,0.0,261008.957203757,24.0
 08/02  20:20:00,25.0,0.0,0.0,95524.51776142669,23.999999999999996,0.0,237948.48799476164,24.0
 08/02  20:25:00,25.0,0.0,0.0,95524.51776142669,24.0,0.0,227385.24300293648,24.0
 08/02  20:30:00,25.0,0.0,0.0,95524.51776142669,23.999999999999996,0.0,217726.30473969033,24.0
 08/02  20:35:00,25.0,0.0,0.0,95524.51776142669,24.000000000000004,0.0,208583.8253793831,24.0
 08/02  20:40:00,25.0,0.0,0.0,95524.51776142669,24.0,0.0,199702.0415216102,24.0
 08/02  20:45:00,25.0,0.0,0.0,95524.51776142669,23.999999999999993,0.0,191193.91337137774,24.0
 08/02  20:50:00,25.0,0.0,0.0,118427.23416208143,23.999999999999996,0.0,208508.82706416305,24.0
 08/02  20:55:00,25.0,0.0,0.0,118427.23416208143,24.000000000000004,0.0,202403.47663963915,24.0
 08/02  21:00:00,25.0,0.0,0.0,118427.23416208143,24.0,0.0,195704.99233455045,24.0,,,,0.0,,251557.4847519134,,91056.13150684933,,0.0,,0.0,,890607.2876712336,,0.0,,0.0,,0.0,,31501.458378286323,,176491.95603413854,,1295876.8127818196
 08/02  21:05:00,24.833333333333332,0.0,0.0,130152.12585445448,23.999999999999996,0.0,201243.43239077716,24.0
 08/02  21:10:00,24.666666666666668,0.0,0.0,130152.12585445448,24.0,0.0,195477.6156096021,24.0
 08/02  21:15:00,24.5,0.0,0.0,130152.12585445448,23.999999999999996,0.0,189144.84948670721,24.0
 08/02  21:20:00,24.333333333333336,0.0,0.0,130152.12585445448,23.999999999999996,0.0,182907.2822864342,24.0
 08/02  21:25:00,24.166666666666664,0.0,0.0,130152.12585445448,24.0,0.0,176926.5403563157,24.0
 08/02  21:30:00,24.0,0.0,0.0,130152.12585445448,24.0,0.0,171134.46614840062,24.0
 08/02  21:35:00,23.833333333333336,0.0,0.0,121030.20288103101,23.999999999999996,0.0,154991.24939594767,24.0
 08/02  21:40:00,23.666666666666664,0.0,0.0,121030.20288103101,24.0,0.0,148519.44221865272,24.0
 08/02  21:45:00,23.5,0.0,0.0,121030.20288103101,23.999999999999996,0.0,142612.0711097144,24.0
 08/02  21:50:00,23.333333333333336,0.0,0.0,116415.1145127585,23.999999999999996,0.0,131639.34616688057,24.0
 08/02  21:55:00,23.166666666666668,0.0,0.0,116415.1145127585,24.000000000000004,0.0,125666.42201366492,24.0
 08/02  22:00:00,23.0,0.0,0.0,116415.11451275852,24.0,0.0,120044.11711036222,24.0,,,,0.0,,453565.7679617832,,78448.35945205485,,0.0,,0.0,,846454.4383561653,,0.0,,0.0,,0.0,,41218.74362124198,,365887.289275234,,1250692.0155547378
 08/02  22:05:00,23.0,0.0,0.0,111581.98724321993,23.999999999999993,0.0,109773.64941132249,24.0
 08/02  22:10:00,23.0,0.0,0.0,111581.98724321993,24.0,0.0,104747.24678968781,24.0
 08/02  22:15:00,23.0,0.0,0.0,111581.98724321993,23.999999999999996,0.0,100110.46471538137,24.0
 08/02  22:20:00,23.0,0.0,0.0,109257.88235906085,24.0,0.0,93044.06916309963,24.0
 08/02  22:25:00,23.0,0.0,0.0,109257.88235906085,24.000000000000004,0.0,88608.6225610867,24.0
 08/02  22:30:00,23.0,0.0,0.0,109257.88235906085,23.999999999999996,0.0,84479.8546493577,24.0
 08/02  22:35:00,23.0,0.0,0.0,109257.88235906085,24.000000000000004,0.0,80609.91030717854,24.0
 08/02  22:40:00,23.0,0.0,0.0,109257.88235906085,23.999999999999996,0.0,77075.50139518568,24.0
 08/02  22:45:00,23.0,0.0,0.0,109257.88235906085,24.0,0.0,73694.93700490567,24.0
 08/02  22:50:00,23.0,0.0,0.0,109257.88235906085,23.999999999999996,0.0,70059.71537291772,24.0
 08/02  22:55:00,23.0,0.0,0.0,109257.88235906085,23.999999999999996,0.0,66471.68618130962,24.0
 08/02  23:00:00,23.0,0.0,0.0,109257.88235906085,24.000000000000004,0.0,62955.08516601405,24.0,,,,0.0,,139881.20743023063,,65840.58739726021,,0.0,,0.0,,807389.8356164393,,0.0,,0.0,,0.0,,29336.467365607077,,60944.76466110694,,1296456.1050539617
 08/02  23:05:00,22.916666666666664,0.0,0.0,109722.27927275238,24.0,0.0,59667.196187318754,24.0
 08/02  23:10:00,22.833333333333336,0.0,0.0,109722.27927275238,24.0,0.0,56061.80535417516,24.0
 08/02  23:15:00,22.75,0.0,0.0,109722.27927275238,24.000000000000004,0.0,52402.38808325376,24.0
 08/02  23:20:00,22.666666666666668,0.0,0.0,109722.27927275238,24.0,0.0,48535.08576090679,24.0
 08/02  23:25:00,22.583333333333332,0.0,0.0,109722.27927275238,24.000000000000004,0.0,44645.00607315569,24.0
 08/02  23:30:00,22.5,0.0,0.0,109722.27927275238,24.0,0.0,40619.41317222662,24.0
 08/02  23:35:00,22.416666666666664,0.0,0.0,109722.27927275238,24.000000000000004,0.0,36535.71209434305,24.0
 08/02  23:40:00,22.333333333333336,0.0,0.0,109722.27927275238,24.0,0.0,32510.062303586164,24.0
 08/02  23:45:00,22.25,0.0,0.0,109722.27927275238,24.0,0.0,28358.52787405019,24.0
 08/02  23:50:00,22.166666666666668,0.0,0.0,109722.27927275238,24.0,0.0,24311.909209331498,24.0
 08/02  23:55:00,22.083333333333332,0.0,0.0,109722.27927275238,23.999999999999996,0.0,19999.42251761094,24.0
 08/02  24:00:00,22.0,0.0,0.0,109722.27927275235,24.0,0.0,15645.881000545345,24.0,126979268.13355821,126979268.13355821,3.0,0.0,12369005.295710742,125778.74237595669,1400863.5616438377,56034.542465753424,216000.0,0.0,0.0,0.0,18710543.816524833,787857.534246576,0.0,0.0,0.0,0.0,10436605.881733987,0.0,787754.6368460297,28262.363297301097,9269946.56643744,46364.67742160767,31373310.874670446,1302249.0277753826,126979268.13355821
